crystal_name,crystal_density,density_of_Carbon,density_of_Hydrogen,density_of_Oxygen,density_of_Nitrogen,density_of_Silicon,density_of_Sulfur,density_of_Halogens,density_of_Metals
05000N2_ddec.cif,1049.36734440269,0.002435860415043225,0.00162390694336215,0.000811953471681075,0.0,0.0,0.0,0.0,0.0
05001N2_ddec.cif,585.4772095119,0.0017067293042258575,0.0007585463574337145,0.00037927317871685724,0.0,0.0,0.0,0.0,0.0
07000N2_ddec.cif,458.05448366779876,0.0014293633257653237,0.0007146816628826618,0.00023822722096088726,0.0,0.0,0.0,0.0,0.0
07001N2_ddec.cif,1100.2199764927752,0.006224837061194376,0.002334313897947891,0.001556209265298594,0.0,0.0,0.0,0.0,0.0
07002N2_ddec.cif,703.1143859606678,0.00453176077699898,0.00226588038849949,0.0006473943967141401,0.0,0.0,0.0,0.0,0.0
07010N3_ddec.cif,421.6797840757804,0.001248818955233784,0.0007992441313496218,0.00019981103283740544,0.0,0.0,0.0,0.0,0.0
07011N3_ddec.cif,383.1168353325901,0.0010494092843742633,0.0006996061895828423,0.00017490154739571059,0.0,4.3725386848927646e-5,0.0,0.0,0.0
07012N3_ddec.cif,180.98115721860594,0.0005449273918821513,0.0002724636959410756,9.082123198035854e-5,0.0,1.1352653997544817e-5,0.0,0.0,0.0
07013N3_ddec.cif,171.07457191644215,0.002146449200034599,0.0010513220571598035,0.0003504406857199345,0.0,0.0,0.0,0.0,0.0
08000N3_ddec.cif,519.9785160557099,0.0039060178055739733,0.004380580716531559,0.0008761161433063118,0.0,0.00029203871443543724,0.0,0.0,0.0
08010N2_ddec.cif,1143.1491213329991,0.0031229614046727706,0.0031229614046727706,0.0007807403511681927,0.0,0.0,0.0,0.0,0.0
08011N2_ddec.cif,988.3273845164592,0.002611787951564784,0.002238675387055529,0.0007462251290185097,0.0,0.0,0.0,0.0,0.0
08012N2_ddec.cif,874.699774499947,0.002215017015005891,0.0014766780100039273,0.0007383390050019637,0.0,0.0,0.0,0.0,0.0
08013N2_ddec.cif,756.001038154494,0.0018087261098846574,0.000723490443953863,0.000723490443953863,0.0,0.0,0.0,0.0,0.0
08020N2_ddec.cif,1002.363374568802,0.0031407362652167326,0.0015703681326083663,0.0,0.0007851840663041831,0.0,0.0,0.0,0.0
08030N2_ddec.cif,518.3364974584679,0.0016781674640434893,0.0007192146274472097,0.0002397382091490699,0.0,0.0,0.0,0.0,0.0
09000N3_ddec.cif,501.0455191496647,0.005363042145903456,0.0036625653679340678,0.0,0.0005232236239905812,0.0,0.0,0.0,0.0
09010N2_ddec.cif,731.008729015671,0.0023122012358799573,0.0011561006179399787,0.00028902515448499467,0.0,0.0,0.0,0.0,0.0
10000N2_ddec.cif,960.475216280665,0.003246049519871028,0.001623024759935514,0.0,0.000541008253311838,0.0,0.0,0.0,0.0
10010N2_ddec.cif,759.4614624670429,0.0060620594444088126,0.0024799334090763324,0.0011021926262561477,0.0011021926262561477,0.0,0.0,0.0,0.0
10020N2_ddec.cif,635.8506933238112,0.0025243816116709773,0.0015777385072943608,0.0,0.0,0.0,0.0,0.0,0.0
11000N2_ddec.cif,596.6174211083564,0.001520875050523479,0.001520875050523479,0.00033797223344966197,0.00033797223344966197,0.0,0.0,0.0,0.0
11001N2_ddec.cif,736.428622342699,0.001877276590636084,0.001877276590636084,0.00041717257569690757,0.00041717257569690757,0.0,0.0,0.0,0.0
11002N2_ddec.cif,427.07625511220937,0.0012693239607463077,0.0011000807659801335,0.00016924319476617437,0.00016924319476617437,0.0,0.0,0.0,0.0
11003N2_ddec.cif,493.234361703798,0.0014659541149379715,0.0012704935662795752,0.0001954605486583962,0.0001954605486583962,0.0,0.0,0.0,0.0
11010N2_ddec.cif,935.5220420910194,0.0030902435395178743,0.0008427936925957839,0.0005618624617305226,0.0008427936925957839,0.0,0.00014046561543263066,0.0,7.023280771631533e-5
11020N2_ddec.cif,618.7741305717103,0.0020678330935046977,0.0013785553956697984,0.0,0.0003446388489174496,0.0,0.0,0.0,0.0
11030N2_ddec.cif,552.1291332496619,0.005726193829427943,0.0036265894253043637,0.0,0.0007634925105903924,0.0,0.0,0.0,0.0
11031N2_ddec.cif,299.75730659784097,0.0014373245845656665,0.0007585879751874351,0.0001597027316184074,7.98513658092037e-5,0.0,0.0,0.0,0.0
11040N2_ddec.cif,344.50336577434973,0.0011153649077977736,0.00047801353191333153,0.0001593378439711105,0.0,0.0,0.0,0.0,0.0
12000N2_ddec.cif,741.1023105794659,0.0021031744470508943,0.0014021162980339297,0.0003505290745084824,0.0003505290745084824,0.0,0.0,0.0,0.0
12001N2_ddec.cif,848.4612290294345,0.0024811508884939786,0.0021267007615662675,0.0003544501269277112,0.0003544501269277112,0.0,0.0,0.0,0.0
12010N2_ddec.cif,598.505263263236,0.0013562998921916641,0.0007265892279598201,0.00019375712745595204,9.687856372797602e-5,0.0,0.0,0.0,0.0
12011N2_ddec.cif,639.6714196712348,0.002714265051745946,0.001357132525872973,0.00038775215024942087,0.00019387607512471043,0.0,0.0,0.0,4.846901878117761e-5
12012N2_ddec.cif,641.1875824848518,0.002725730320473899,0.0013628651602369496,0.0003893900457819856,0.0001946950228909928,0.0,0.0,0.0,4.86737557227482e-5
12020N2_ddec.cif,747.6625846801393,0.012621539436378488,0.004733077288641933,0.001577692429547311,0.001577692429547311,0.0,0.0,0.0,0.00019721155369341388
12022N2_ddec.cif,521.6055352846575,0.008805395600537003,0.0033020233502013764,0.0011006744500671253,0.0011006744500671253,0.0,0.0,0.0,0.00013758430625839067
12023N2_ddec.cif,576.8120965066661,0.009269832624104156,0.0035313648091825356,0.0017656824045912678,0.0013242618034434508,0.0,0.0,0.0,0.00011035515028695424
12024N2_ddec.cif,463.048859547114,0.008190573720787804,0.003448662619279075,0.0008621656548197687,0.0008621656548197687,0.0,0.0,0.0,0.00010777070685247109
12030N2_ddec.cif,721.9460453983645,0.0035448838575584387,0.0011816279525194795,0.0007877519683463197,0.00039387598417315987,0.0,0.00019693799208657994,0.0,0.0
12040N2_ddec.cif,643.5066899099926,0.001911293785695908,0.0011467762714175446,0.00038225875713918155,0.0,0.0,0.0,0.0,0.0
12050N2_ddec.cif,832.5241229221701,0.005265632953629774,0.0039492247152223305,0.0,0.0006582041192037218,0.0,0.0,0.0,0.0
12060N2_ddec.cif,818.4877175819538,0.003034888480561315,0.0011035958111132054,0.0005517979055566027,0.0005517979055566027,0.0,0.0,0.0,6.897473819457534e-5
12061N2_ddec.cif,819.3055699818249,0.0030441710897701393,0.0011069713053709599,0.0005534856526854799,0.0005534856526854799,0.0,0.0,0.0,6.918570658568499e-5
12062N2_ddec.cif,839.4647119423718,0.0031352972245448345,0.0011401080816526672,0.0005700540408263336,0.0005700540408263336,0.0,0.0,0.0,7.12567551032917e-5
13000N2_ddec.cif,1580.577158511439,0.0031713511322178055,0.0,0.0,0.0007928377830544514,0.0,0.0,0.0015856755661089027,0.0
13010N2_ddec.cif,579.1209736927893,0.0019371073711580225,0.0009115799393684811,0.0002278949848421203,0.0,0.0,0.0,0.0,0.0
13011N2_ddec.cif,506.3740376395071,0.0017629251522184503,0.0008013296146447501,0.00016026592292895002,0.0,0.0,0.0,0.0,0.0
13012N2_ddec.cif,470.364621264556,0.0016106967380051646,0.0008053483690025823,0.00016106967380051645,0.0,0.0,0.0,0.0,0.0
13020N2_ddec.cif,273.997541325938,0.0024371713096361593,0.001176565459824353,0.0005042423399247226,0.0,0.0,0.0,0.0,0.0
13030N2_ddec.cif,1448.0137905860847,0.008541332553458174,0.0028471108511527246,0.0,0.0028471108511527246,0.0,0.0,0.0,0.0
13040N3_ddec.cif,1012.5831349657851,0.01108515142884051,0.00752953681958978,0.0,0.0008366152021766422,0.0,0.0,0.0,0.0
13050N2_ddec.cif,644.5764817150317,0.0018899993921160537,0.0009449996960580268,0.0003779998784232107,0.00018899993921160535,0.0,0.0,0.0,0.0
13060N2_ddec.cif,669.1791482778345,0.003629319792883277,0.0021445980594310275,0.0,0.0003299381629893888,0.0,0.0,0.0,0.0
13070N2_ddec.cif,705.9054525502447,0.0016856131304130025,0.0009364517391183348,0.0005618710434710009,0.0003745806956473339,0.0,0.0,0.0,0.0
13071N2_ddec.cif,605.2015013137313,0.00192011570783812,0.001536092566270496,0.000192011570783812,0.000192011570783812,0.0,0.0,0.0,0.0
13072N2_ddec.cif,598.1818247123351,0.0016974567478319816,0.0013202441372026524,0.00018860630531466463,0.00037721261062932925,0.0,0.0,0.0,0.0
13073N2_ddec.cif,711.6166037006766,0.0016992506385724365,0.0009440281325402425,0.0005664168795241455,0.00037761125301609703,0.0,0.0,0.0,0.0
13074N2_ddec.cif,671.6578467540328,0.001935215906971681,0.0015481727255773447,0.0003870431813943362,0.0001935215906971681,0.0,0.0,0.0,0.0
13075N2_ddec.cif,843.3049954597537,0.002046256177891651,0.0010231280889458254,0.00034104269631527514,0.00034104269631527514,0.0,0.0,0.00034104269631527514,0.0
13076N2_ddec.cif,973.678975263511,0.0020634533834276623,0.0006878177944758875,0.00034390889723794375,0.00034390889723794375,0.0,0.0,0.0006878177944758875,0.0
13077N2_ddec.cif,878.2304851647255,0.004112592165132638,0.002399012096327372,0.0013708640550442127,0.0010281480412831594,0.0,0.0,0.0,0.0
13078N2_ddec.cif,923.7637987821721,0.003806813651496411,0.002537875767664274,0.0015861723547901713,0.0006344689419160685,0.0,0.00031723447095803424,0.0,0.0
13080N2_ddec.cif,797.1442649846446,0.002783558932023606,0.0009941281900084306,0.0,0.0003976512760033723,0.0,0.0,0.0,0.0
13090N2_ddec.cif,577.5082836650929,0.0014023917222598377,0.0004674639074199459,0.0003116426049466306,0.0,0.0,0.0001558213024733153,0.0,0.0
13100N2_ddec.cif,482.25693871428894,0.0026647848513680888,0.0016179050883306254,0.0,0.00019034177509772064,0.0,0.0,0.0,0.0
13110N2_ddec.cif,740.9371934974962,0.006500216870196465,0.003500116776259635,0.000500016682322805,0.00100003336464561,0.0,0.0,0.0,0.00012500417058070124
13120N2_ddec.cif,661.1749881244302,0.01415202957981198,0.008708941279884296,0.0,0.0014514902133140493,0.0,0.0,0.0,0.0
13121N2_ddec.cif,526.655991056353,0.005817214966702323,0.0036740305052856775,0.0,0.00040822561169840863,0.0,0.0,0.0,0.0
13122N2_ddec.cif,402.5852174035301,0.00943406656402935,0.006168428138019191,0.0,0.00012094957133370963,0.0,0.0,0.0,0.0
13123N2_ddec.cif,616.948939552543,0.011133051791038753,0.005859500942651976,0.0,0.0019531669808839918,0.0,0.0005859500942651975,0.0,0.0
13130N2_ddec.cif,377.99636685559636,0.0011087096768245088,0.0004668251270840037,0.00023341256354200186,5.8353140885500466e-5,0.0,0.0,0.0,0.0
13140N2_ddec.cif,1132.1644036223831,0.003348474529184378,0.001674237264592189,0.001674237264592189,0.0,0.0,0.0008371186322960945,0.0,0.0
13141N2_ddec.cif,818.4326091043419,0.001508164941413305,0.0007540824707066525,0.00037704123535332623,0.0,0.0,0.00037704123535332623,0.0,0.0
13142N2_ddec.cif,1011.7880809125259,0.0015881517049238013,0.0005293839016412671,0.0005293839016412671,0.0,0.0,0.0005293839016412671,0.0,0.0
13150N2_ddec.cif,553.3779516270189,0.0017338810035398798,0.0011559206690265865,0.00019265344483776443,0.00019265344483776443,0.0,0.0,0.0,0.0
13160N2_ddec.cif,498.72814370770686,0.004831082528639864,0.0028986495171839186,0.0,0.0006441443371519819,0.0,0.0,0.0,8.051804214399774e-5
13161N2_ddec.cif,421.1309171966766,0.0035339874466083572,0.0016491941417505667,0.0,0.0004711983262144476,0.0,0.0,0.0004711983262144476,5.889979077680595e-5
13170N2_ddec.cif,596.8683495261597,0.005395784287666955,0.002810304316493206,0.00044964869063891295,0.0008992973812778259,0.0,0.0,0.0,0.0
13180N3_ddec.cif,1036.8033613594962,0.01788355111242117,0.01144547271194955,0.0028613681779873874,0.0028613681779873874,0.0,0.0,0.0,0.0
13181N3_ddec.cif,938.0614687729349,0.014981348578657553,0.009987565719105035,0.0024968914297762586,0.0024968914297762586,0.0006242228574440647,0.0,0.0,0.0
13182N3_ddec.cif,1057.8164077833987,0.009728116331568646,0.008011389920115356,0.0011444842743021937,0.0011444842743021937,0.0,0.0,0.0,0.0
13190N2_ddec.cif,884.3962795826319,0.0028911821286599724,0.002409318440549977,0.0002409318440549977,0.0002409318440549977,0.0,0.0,0.0,0.0
13191N2_ddec.cif,576.395489494332,0.0019521650984478487,0.001561732078758279,0.00013014433989652323,0.00013014433989652323,0.0,0.0,0.0,0.0
14000N2_ddec.cif,794.461178236718,0.00229775568101434,0.0015318371206762265,0.0,0.0007659185603381132,0.0,0.0,0.0,0.0
14010N2_ddec.cif,703.9437377892472,0.007031132391764528,0.003990642708839327,0.0,0.00038006121036565014,0.0,0.00038006121036565014,0.0,0.0
14020N2_ddec.cif,470.2876743927517,0.001683796637308853,0.0011225310915392354,0.0,0.00016036158450560505,0.0,0.0,0.0,0.0
14030N2_ddec.cif,413.7884874967164,0.0013159783835977631,0.0007178063910533253,0.00011963439850888755,0.00011963439850888755,0.0,0.0,0.0,0.0
14040N2_ddec.cif,434.09161437678324,0.0012953293934718532,0.0010362635147774825,0.00017271058579624709,0.00017271058579624709,0.0,0.0,0.0,0.0
14050N3_ddec.cif,393.4810180560052,0.003088783512145179,0.002375987317034753,0.0,0.0,0.0,0.0,0.0,0.0
14051N3_ddec.cif,489.078366468525,0.002670359316844244,0.002427599378949313,0.0004855198757898626,0.0004855198757898626,0.0,0.0,0.0,0.0
14060N2_ddec.cif,566.7931640959288,0.005131108527094539,0.003123283451274937,0.0,0.0004461833501821338,0.0,0.0004461833501821338,0.0,0.0
14070N2_ddec.cif,466.21199467964897,0.0024439364016437433,0.0014510872384759725,0.0,0.0003054920502054679,0.0,0.0,0.0,0.0
14071N2_ddec.cif,513.816302129314,0.00269348360587477,0.0015992558909881445,0.0,0.00033668545073434626,0.0,0.0,0.0,0.0
14072N2_ddec.cif,429.6919060348103,0.0021905670176505846,0.0013299871178592837,0.0001564690726893275,0.0001564690726893275,0.0,0.0,0.0,0.0
14073N2_ddec.cif,493.0455874070645,0.002513543743327054,0.00152608012987714,0.0001795388388090753,0.0001795388388090753,0.0,0.0,0.0,0.0
14080N2_ddec.cif,363.6748296489566,0.001058058038769933,0.0005290290193849665,0.0001763430064616555,8.817150323082776e-5,0.0,0.0,0.0,0.0
14090N2_ddec.cif,490.2217098962578,0.0013999645552202193,0.0009333097034801461,0.00015555161724669102,0.00031110323449338203,0.0,0.0,0.0,0.0
14091N2_ddec.cif,480.04770025877053,0.004618171995385711,0.0029248422637442838,0.0004618171995385711,0.0004618171995385711,0.0,0.0,0.0,0.0
15000N2_ddec.cif,1610.7018276727147,0.004251187055684155,0.0,0.0,0.0021255935278420776,0.0,0.0,0.0,0.0
15010N2_ddec.cif,514.8015680679351,0.005793994648849038,0.0033798302118286058,0.0,0.0003218885916027244,0.0,0.0,0.0,0.0
15020N2_ddec.cif,425.59933277591455,0.0019657010503379207,0.0012899913142842604,0.00012285631564612004,0.00036856894693836013,0.0,0.0,0.0,0.0
15021N2_ddec.cif,492.02092323812593,0.00422890759889401,0.002396380972706606,0.0005638543465192014,0.0008457815197788021,0.0,0.0,0.0,0.0
15030N2_ddec.cif,555.4451368903248,0.003619203373276028,0.002412802248850685,0.00024128022488506851,0.00024128022488506851,0.0,0.0,0.0,0.0
15031N2_ddec.cif,463.3848340991926,0.003041383310027895,0.0017379333200159398,0.00028965555333599,0.000144827776667995,0.0,0.0,0.0,0.0
15040N2_ddec.cif,707.7326477289627,0.005101050197182857,0.003246122852752727,0.0,0.0004637318361075325,0.0,0.0,0.0,0.0
15050N2_ddec.cif,1044.1562707391874,0.002309948424524852,0.0015399656163499014,0.0007699828081749507,0.0007699828081749507,0.0,0.0,0.0,0.0
15060N2_ddec.cif,668.2319708938052,0.00216577722472612,0.0014438514831507467,0.0,0.000433155444945224,0.0,0.0,0.0,0.0
15061N2_ddec.cif,558.732947316586,0.0018599694457463792,0.0010940996739684584,0.0,0.0003282299021905375,0.0,0.0,0.0,0.0
15070N2_ddec.cif,439.0567918288186,0.0014512023985610893,0.0009674682657073928,0.0001209335332134241,0.0001209335332134241,0.0,0.0,0.0,0.0
15071N2_ddec.cif,452.9904710355154,0.0014972570071262216,0.0009981713380841479,0.00012477141726051848,0.00012477141726051848,0.0,0.0,0.0,0.0
15072N2_ddec.cif,612.7678428397282,0.002953680893947408,0.001969120595964939,0.00019691205959649388,0.00039382411919298776,0.0,0.0,0.0,0.0
15080N2_ddec.cif,643.0740961342219,0.005600846529223427,0.004025608442879338,0.0010501587242293926,0.0003500529080764642,0.0,0.0,0.0,0.0
15081N2_ddec.cif,586.6112640636815,0.0028336966125117337,0.0017946745212574313,0.00018891310750078225,0.0003778262150015645,0.0,0.0,0.0,0.0
15090N2_ddec.cif,544.3468831363607,0.002629533412108796,0.0016653711610022375,0.00017530222747391976,0.0003506044549478395,0.0,0.0,0.0,0.0
15091N2_ddec.cif,660.0420193843727,0.001600965775533267,0.0012007243316499504,0.00010006036097082918,0.00020012072194165837,0.0,0.0,0.0,0.0
15100N2_ddec.cif,414.86204407711676,0.0012391721831835532,0.0006195860915917766,0.00017702459759765047,0.00017702459759765047,0.0,0.0,0.0,0.0
15101N2_ddec.cif,714.3084688698003,0.0016375976365187977,0.0006140991136945492,0.0006140991136945492,0.0004093994091296994,0.0,0.0,0.0,0.0
15110N2_ddec.cif,489.61644045276637,0.0015103033890510717,0.0005492012323822079,0.00027460061619110395,0.0,0.0,0.0,0.0,0.0
15111N2_ddec.cif,493.9068310371986,0.0016875042454461055,0.0007105281033457287,0.00017763202583643217,0.0,0.0,0.0,0.0,0.0
15131N2_ddec.cif,418.8524023323536,0.001346230412826053,0.0004142247424080163,0.00020711237120400814,0.0,0.0,0.0,0.0,0.0
15140N2_ddec.cif,376.73271683229603,0.001356847273659534,0.0010176354552446506,0.0,0.0001130706061382945,0.0,0.0,0.0,0.0
15150N2_ddec.cif,544.6362068331179,0.0013492907160221764,0.0007937004211895155,7.937004211895155e-5,0.0001587400842379031,0.0,0.0,0.0,0.0
15160N2_ddec.cif,820.1269776815375,0.00552367220416111,0.006173515992885947,0.00032492189436241826,0.00032492189436241826,0.0,0.0,0.0,0.0
15161N2_ddec.cif,513.480475089043,0.003781842065423865,0.003781842065423865,0.0,0.00016442791588799414,0.0,0.0,0.0,0.0
15162N2_ddec.cif,853.900904952553,0.00557253006693009,0.00354615549713733,0.00050659364244819,0.00050659364244819,0.0,0.0,0.0,0.0
15163N2_ddec.cif,531.4305640699658,0.003954910478826821,0.002559059721593825,0.0,0.0002326417928721659,0.0,0.0,0.0,0.0
15170N2_ddec.cif,813.559797232808,0.0030541121350641243,0.001616882895033948,0.0,0.000179653655003772,0.0,0.0,0.0,0.0
15171N2_ddec.cif,715.9265142517929,0.002580054133726446,0.001641852630553193,0.0,0.0002345503757933133,0.0,0.0,0.0,0.0
15180N2_ddec.cif,611.4330484873597,0.009837682888708402,0.003747688719507963,0.0018738443597539815,0.0014053832698154862,0.0,0.0,0.0,0.00011711527248462385
15181N2_ddec.cif,534.4323677411412,0.009194035327167583,0.0035361674335259935,0.0014144669734103973,0.001060850230057798,0.0,0.0,0.0,8.840418583814983e-5
15182N2_ddec.cif,509.54014779665255,0.007922016210008615,0.0029186375510558056,0.0016677928863176033,0.0012508446647382025,0.0,0.0,0.0,0.0001042370553948502
15183N2_ddec.cif,578.7453677766366,0.009340585963870158,0.003558318462426727,0.0017791592312133636,0.0013343694234100225,0.0,0.0,0.0,0.00011119745195083522
15184N2_ddec.cif,534.6159261511705,0.009221776905521728,0.0035468372713545106,0.0014187349085418043,0.0010640511814063531,0.0,0.0,0.0,8.867093178386277e-5
15185N2_ddec.cif,569.6789962882098,0.008886314682807766,0.0032739054094554926,0.0018708030911174245,0.0014031023183380684,0.0,0.0,0.0,0.00011692519319483903
15186N2_ddec.cif,379.96861016585143,0.0010803604613412493,0.0004448543076111026,0.00025420246149205863,6.355061537301466e-5,0.0,0.0,0.0,0.0
15190N2_ddec.cif,1100.2937606844498,0.002470733024849004,0.0008235776749496679,0.0008235776749496679,0.0008235776749496679,0.0,0.0,0.0,0.0
15200N3_ddec.cif,573.0329095391484,0.004617845157980621,0.002462850750922998,0.001231425375461499,0.0006157126877307495,0.0,0.0,0.0,0.0
15210N2_ddec.cif,583.7209588339128,0.0017016096438035736,0.0007562709528015882,0.0003781354764007941,0.0,0.0,0.0,0.0,0.0
15211N2_ddec.cif,348.66869191468163,0.0005082034486474676,0.00022586819939887447,0.00011293409969943724,0.0,0.0,0.0,0.0,0.0
15220N2_ddec.cif,733.9183349739244,0.004809520572788255,0.0024047602863941273,0.0,0.0009619041145576509,0.0,0.0,0.0,0.0
15240N2_ddec.cif,489.91848096711993,0.0016608326813527868,0.0013049399639200468,0.0,0.0002372618116218267,0.0,0.0,0.0,0.0
15242N2_ddec.cif,788.1671209642817,0.0053351531622748095,0.004318933512317703,0.0,0.0007621647374678299,0.0,0.0,0.0,0.0
15250N2_ddec.cif,422.4802426595392,0.001489010734814155,0.0009926738232094367,0.0,0.00016544563720157277,0.0,0.0,0.0,0.0
15251N2_ddec.cif,423.95938059304245,0.004305581222478505,0.002815187722389792,0.0,0.0006623971111505392,0.0,0.0,0.0,0.0
15252N2_ddec.cif,457.9016489743882,0.00445999666063609,0.0028543978628070977,0.0,0.0008919993321272181,0.0,0.0,0.0,0.0
15253N2_ddec.cif,499.10159721869076,0.001551644517811182,0.0009697778236319887,0.0,0.0003879111294527955,0.0,0.0,0.0,0.0
16000N2_ddec.cif,444.5616187073478,0.0014809929539941345,0.0005553723577478005,0.00018512411924926682,0.0,0.0,0.0,0.0,0.0
16001N2_ddec.cif,393.675014214948,0.0013416899839472861,0.0004472299946490954,0.0001490766648830318,0.0,0.0,0.0,0.0,0.0
16002N2_ddec.cif,417.34979676075653,0.0014071188352616792,0.000496630177151181,0.00016554339238372698,0.0,0.0,0.0,0.0,0.0
16010N2_ddec.cif,806.2212606640369,0.0019662359693821147,0.0007864943877528459,0.00039324719387642294,0.00039324719387642294,0.0,0.0,0.0,0.0
16011N2_ddec.cif,466.8808424806319,0.0014399851371063401,0.0007854464384216401,0.00013090773973694,0.00013090773973694,0.0,0.0,0.0,0.0
16020N2_ddec.cif,720.9990276378102,0.0016157375163576282,0.0014137703268129246,0.0006059015686341106,0.00040393437908940705,0.0,0.0,0.0,0.0
16030N2_ddec.cif,441.7353282113721,0.0029762353764499886,0.0019047906409279927,0.0,0.0004761976602319982,0.0,0.0,0.0,0.0
16031N2_ddec.cif,458.82590287820886,0.0030247460644407405,0.002398936533866794,0.0,0.0005215079421449553,0.0,0.0,0.0,0.0
16032N2_ddec.cif,529.4259788738882,0.0032543167546370466,0.0025810098398845543,0.00022443563825083078,0.000561089095627077,0.0,0.0,0.0,0.0
16040N2_ddec.cif,836.1538918155248,0.009012042224085259,0.005578883281576588,0.0,0.0008582897356271675,0.0,0.0,0.0,0.0
16041N2_ddec.cif,706.8352298510607,0.00762514820627529,0.00508343213751686,0.0,0.0006931952914795718,0.0,0.0,0.0,0.0
16050N2_ddec.cif,810.6431240071156,0.012508637227020005,0.004811014318084617,0.0019244057272338468,0.0024055071590423087,0.0,0.0,0.0,0.00024055071590423085
16051N2_ddec.cif,614.4663528003297,0.005057807545078246,0.002060588259105952,0.0011239572322396102,0.00018732620537326836,0.0,9.366310268663418e-5,0.0,0.0
16052N2_ddec.cif,587.6230059198718,0.010848438605352673,0.004544616172512606,0.0017592062603274605,0.00014660052169395503,0.0,7.330026084697751e-5,0.0,0.0
16053N2_ddec.cif,573.4514157535731,0.0027119342474790104,0.0011727283232341667,0.00043977312121281254,0.0,0.0,0.0,0.0,0.0
16054N2_ddec.cif,651.6583972918021,0.0034738549295257287,0.00135094358370445,0.0007719677621168287,0.00019299194052920717,0.0,9.649597026460358e-5,0.0,0.0
16055N2_ddec.cif,567.5133188089037,0.0025946144790474504,0.0011351438345832596,0.00048649021482139696,0.0,0.0,0.0,0.0,0.0
16056N2_ddec.cif,569.8341692465145,0.0048625448519162276,0.0021959879976395868,0.0009411377132741085,0.0,0.0,0.00015685628554568476,0.0,0.0
16057N2_ddec.cif,612.7308236559758,0.009200288150874179,0.0032371384234557298,0.0020445084779720396,0.00017037570649766997,0.0,0.0007666906792395149,0.0,0.0
16058N2_ddec.cif,621.3149779000895,0.004951025443376133,0.0018779751681771539,0.001024350091732993,0.00034145003057766435,0.0,0.00017072501528883217,0.0,0.0
16060N2_ddec.cif,519.7086077354774,0.005285149876095996,0.004332090062373767,0.0003465672049899014,0.0003465672049899014,0.0,0.0,0.0,0.0
16061N2_ddec.cif,117.9733418774836,0.0012503216336237353,0.0009708379743431357,5.8838665111705195e-5,5.8838665111705195e-5,0.0,0.0,0.0,0.0
16070N2_ddec.cif,617.7979353434148,0.0014444347694369235,0.0014444347694369235,0.0004814782564789745,0.0003209855043193163,0.0,0.0,0.0,0.0
16080N2_ddec.cif,491.8906382307939,0.0025435998557854127,0.0016499026091581054,0.0,0.00034372971024127197,0.0,0.0,0.0,0.0
16110N3_ddec.cif,176.97048057359746,0.0010353418369720773,0.0008718668100817494,0.00010898335126021868,0.00010898335126021868,0.0,0.0,0.0,0.0
16111N3_ddec.cif,193.17606808219102,0.00028253760816353035,0.00023792640687455186,2.9740800859318982e-5,2.9740800859318982e-5,0.0,0.0,0.0,0.0
16112N3_ddec.cif,189.80634334704217,0.0010000480635761677,0.0007368775205298078,0.00010526821721854397,0.00010526821721854397,0.0,0.0,0.00010526821721854397,0.0
16113N3_ddec.cif,215.55918519731424,0.0002839335371269478,0.0002092141852514352,2.9887740750205028e-5,2.9887740750205028e-5,0.0,0.0,2.9887740750205028e-5,0.0
16120N2_ddec.cif,761.3167272149033,0.00394263412994812,0.0025089489917851674,0.0007168425690814765,0.0010752638536222147,0.0,0.0,0.0,0.0
16121N2_ddec.cif,888.6080890474353,0.012729625129360968,0.008236816260174744,0.003276006467114955,0.002995205912790816,0.0,0.000374400739098852,0.0,0.0
16130N3_ddec.cif,144.58793123561367,0.0051791378816430774,0.0021806896343760326,0.0007268965447920109,0.0,0.0,0.0,0.0,0.0001211494241320018
16140N2_ddec.cif,533.7242786473574,0.0017235540733266204,0.0011490360488844136,0.00016414800698348766,0.00016414800698348766,0.0,0.0,0.0,0.0
16141N2_ddec.cif,428.4823068317307,0.0014162508426874122,0.0009441672284582749,0.00011802090355728436,0.00011802090355728436,0.0,0.0,0.0,0.0
16142N2_ddec.cif,388.7374558765142,0.0014085748037250202,0.0009390498691500134,0.0,0.00011738123364375168,0.0,0.0,0.0,0.0
16150N2_ddec.cif,494.71660474380883,0.0015898433104506089,0.0009539059862703653,0.0001589843310450609,0.0001589843310450609,0.0,0.0,0.0,0.0
16160N2_ddec.cif,740.6643000985359,0.0021424813465345883,0.0009522139317931504,0.0002380534829482876,0.0004761069658965752,0.0,0.0,0.0,0.0
16170N2_ddec.cif,541.3540657584244,0.002991335111746792,0.001816167746417695,0.0,0.00021366679369619942,0.0,0.0,0.0,0.0
16171N2_ddec.cif,639.6851435372057,0.002973680577930984,0.0013806374111822426,0.0,0.00021240575556649886,0.0,0.0,0.0004248115111329977,0.0
16172N2_ddec.cif,411.42886128255236,0.0023152771558172516,0.0013505783408933967,0.0,0.00012862650865651397,0.0,0.0,0.0,0.0
16173N2_ddec.cif,370.1536771863957,0.0019164109728374915,0.0010017602812559614,0.0,0.00017421917934886286,0.0,4.3554794837215716e-5,0.0,0.0
16174N2_ddec.cif,371.68663648031577,0.0020055811370409704,0.0012643881081345247,8.719917987134653e-5,8.719917987134653e-5,0.0,0.0,0.0,0.0
16190N2_ddec.cif,727.6429317226665,0.00766079702900824,0.004979518068855356,0.0,0.0008937596533842946,0.0,0.0,0.0,0.0
16191N2_ddec.cif,699.7983773675168,0.007565090452567112,0.004946405295909266,0.0,0.0006789183739483306,0.0,0.0,0.0,0.0
16200N2_ddec.cif,878.8846034055183,0.00142152388222261,0.0009476825881484066,0.0009476825881484066,0.00023692064703710166,0.0,0.00023692064703710166,0.0,0.0
16201N2_ddec.cif,914.6431130531407,0.003769227473092303,0.0025128183153948686,0.0015705114471217928,0.0006282045788487172,0.0,0.0003141022894243586,0.0,0.0
16210N2_ddec.cif,719.377738709481,0.0009802180744541713,0.0003920872297816686,0.0001960436148908343,0.0001960436148908343,0.0,0.0,0.0,0.0
16211N2_ddec.cif,774.8498488881224,0.0019428124233867498,0.0007771249693546999,0.000582843727016025,0.00038856248467734997,0.0,0.0,0.0,0.0
16230N2_ddec.cif,844.9782555140382,0.004983893554926757,0.0029903361329560543,0.0004983893554926757,0.0009967787109853514,0.0,0.0,0.0,0.0
16250N3_ddec.cif,146.64594601002037,0.003286352778410206,0.0020003886477279516,0.0,0.00019051320454551918,0.0,0.0,0.0,0.0
16251N3_ddec.cif,294.39926833151446,0.0032987609946513704,0.002007941475005182,0.0,0.00019123252142906494,0.0,0.0,0.0,0.0
16260N2_ddec.cif,1030.7020836409843,0.002469726843180044,0.0030871585539750546,0.0004116211405300073,0.0004116211405300073,0.0,0.00020581057026500366,0.0,0.0
16271N2_ddec.cif,456.3337014732486,0.001669137089035688,0.0011127580593571253,0.0,0.0001236397843730139,0.0,0.0,0.0,0.0
16272N2_ddec.cif,375.0220146925806,0.001390845474104611,0.0009272303160697407,0.0,8.429366509724915e-5,0.0,0.0,0.0,0.0
16273N2_ddec.cif,494.6265874185019,0.0014623506613452369,0.0008356289493401354,0.0,0.00013927149155668923,0.0,0.00013927149155668923,0.0,0.0
16290N3_ddec.cif,1066.6894232151215,0.0014215184088094766,0.000897801100300722,0.0,0.000149633516716787,0.0,0.0,0.0,0.0
16310N2_ddec.cif,841.4148337359785,0.00866684673702564,0.005585301230527635,0.0003851931883122507,0.0007703863766245014,0.0,0.0,0.0,0.0
16311N2_ddec.cif,879.1106465871621,0.008626757431234597,0.005416801177751956,0.0004012445316853301,0.0012037335950559904,0.0,0.0,0.0,0.0
16312N2_ddec.cif,543.9527371041637,0.005441485573536643,0.0034462741965732074,0.00018138285245122143,0.0007255314098048857,0.0,0.0,0.0,0.0
16330N2_ddec.cif,468.6687759373582,0.0016517999375542625,0.0011011999583695085,0.0,0.00018353332639491806,0.0,0.0,0.0,0.0
16331N2_ddec.cif,414.6651319292304,0.0013691726794429295,0.000871291705100046,0.0,0.0002489404871714417,0.0,0.0,0.0,0.0
16332N3_ddec.cif,284.8237140106499,0.001147640725974991,0.0006120750538533285,0.00030603752692666425,0.00015301876346333212,0.0,0.0,0.0,0.0
16340N2_ddec.cif,767.0236889937115,0.0034766934306301616,0.0020544097544632775,0.0003160630391481965,0.000632126078296393,0.0,0.0,0.0,0.0
16350N2_ddec.cif,509.8543559996933,0.0013337552074844986,0.00048500189363072675,0.00024250094681536337,0.0,0.0,0.00012125047340768169,0.0,0.0
16351N2_ddec.cif,614.2899492579285,0.0015711420879289755,0.0009668566694947541,0.0003625712510605328,0.0,0.0,0.00012085708368684426,0.0,0.0
16360N2_ddec.cif,544.1105231346397,0.0031117756364873925,0.0018670653818924354,0.00041490341819831896,0.0006223551272974784,0.0,0.0,0.0,0.0
16361N2_ddec.cif,383.3391056856188,0.0011551889767141051,0.000735120257908976,0.00010501717970128228,0.00021003435940256457,0.0,0.0,0.0,0.0
16370N2_ddec.cif,1094.2593624200533,0.002813547212821401,0.0014067736064107006,0.0,0.0014067736064107006,0.0,0.0,0.0,0.0
16371N2_ddec.cif,1370.5088511378408,0.004631810923182628,0.002315905461591314,0.0,0.0007719684871971046,0.0,0.0,0.0,0.0
16380N2_ddec.cif,319.6302012645666,0.0010242902796215078,0.0006584723226138264,0.0,0.0002194907742046088,0.0,0.0,0.0,0.0
16390N2_ddec.cif,647.4663441232514,0.006227330103034331,0.003528820391719454,0.0,0.0004151553402022887,0.0,0.0004151553402022887,0.0,0.0
16400N2_ddec.cif,478.50451574896664,0.0014086247166495412,0.0007413814298155479,0.00029655257192621917,0.0,0.0,0.0,0.0,0.0
16420N2_ddec.cif,742.7510327351665,0.002037861818182821,0.0016673414876041265,0.0003705203305786948,0.0003705203305786948,0.0,0.0,0.0,0.0
16430N2_ddec.cif,776.3092858305623,0.0025290738452250477,0.002723617987165436,0.0001945441419403883,0.0001945441419403883,0.0,0.0,0.0,0.0
16440N2_ddec.cif,470.813286294805,0.0015653386361643127,0.0012041066432033174,0.00012041066432033174,0.00012041066432033174,0.0,0.0,0.0,0.0
16450N2_ddec.cif,471.8084917211325,0.0048931793511131656,0.003099013589038338,0.0,0.0006524239134817554,0.0,0.0,0.0,0.0
16460N2_ddec.cif,439.8038395706455,0.0006626724743877475,0.0004217006655194757,6.0242952217067955e-5,0.00012048590443413591,0.0,0.0,0.0,0.0
16480N2_ddec.cif,582.4754717424889,0.0012640426464284196,0.0007584255878570517,0.0,0.00025280852928568395,0.0,0.0,0.0,0.0
16481N2_ddec.cif,604.7348524084047,0.001312348210885289,0.0007874089265311733,0.0,0.00026246964217705777,0.0,0.0,0.0,0.0
16490N2_ddec.cif,818.8016651262668,0.0016316192088312845,0.0016316192088312845,0.0,0.0008158096044156422,0.0,0.0,0.0,0.0
16500N2_ddec.cif,1035.2202390543466,0.002103814995442267,0.0007012716651474223,0.0,0.0010519074977211336,0.0,0.00035063583257371117,0.0,0.0
16510N2_ddec.cif,781.1822035526733,0.0026252557966818402,0.0015313992147310733,0.0,0.0004375426327803067,0.0,0.0,0.0,0.0
17000N2_ddec.cif,660.1668979277182,0.0032954237356262158,0.0015044325749597942,0.0002865585857066275,0.0002865585857066275,0.0,0.0,0.0,0.0
17020N2_ddec.cif,595.3235756381982,0.0016467638697166078,0.0010292274185728799,0.00020584548371457598,0.00041169096742915196,0.0,0.0,0.0,0.0
17030N2_ddec.cif,435.9613826442985,0.0014409712272941719,0.0009606474848627813,0.00012008093560784767,0.00012008093560784767,0.0,0.0,0.0,0.0
17040N2_ddec.cif,700.4458420142661,0.0018994479765302799,0.00112240107704062,0.0,0.00017267708877548,0.0,0.0,0.0,0.0
17050N2_ddec.cif,494.1135333792221,0.0015184827055561186,0.0011680636196585528,0.0,0.00011680636196585527,0.0,0.00011680636196585527,0.0,0.0
17060N2_ddec.cif,751.4664209413344,0.00797239237740401,0.00493529051934534,0.0,0.0008858213752671124,0.0,0.0,0.0,0.0
17061N2_ddec.cif,876.7444540355943,0.008922160377461057,0.005353296226476635,0.0,0.0013878916142717201,0.0,0.0,0.0,0.0
17070N2_ddec.cif,462.745109005852,0.001394478259649108,0.0008873952561403415,0.00012677075087719162,0.00025354150175438324,0.0,0.0,0.0,0.0
17091N3_ddec.cif,1112.2060287428756,0.01119612816260072,0.007311757167412716,0.0,0.001827939291853179,0.0,0.0,0.0,0.0
17100N2_ddec.cif,534.2185992423224,0.001537974601997859,0.0006408227508324412,0.0002563291003329765,0.0002563291003329765,0.0,0.0,0.0,0.0
17110N2_ddec.cif,353.2439130479874,0.0011902341661254301,0.0011902341661254301,7.438963538283938e-5,7.438963538283938e-5,0.0,0.0,0.0,0.0
17120N2_ddec.cif,1149.0953806387445,0.005375743374206239,0.007679633391723198,0.0,0.0030718533566892795,0.0,0.0,0.0,0.0
17130N2_ddec.cif,533.8735813839413,0.0009647174912743477,0.0006291635812658789,0.0,8.388847750211719e-5,0.0,0.0,0.0,0.0
17131N2_ddec.cif,649.8575808306616,0.0011394510950605452,0.0007372918850391763,0.0,0.00013405307000712298,0.0,0.0,0.0,0.0
17140N2_ddec.cif,528.6404890413453,0.0037572807752509346,0.0023730194370005903,0.0,0.00039550323950009837,0.0,0.0,0.0,0.0
17150N2_ddec.cif,447.45069691682096,0.008760535779807482,0.0072828550458640525,0.0007388403669717154,0.0007388403669717154,0.0,0.0,0.0,0.0
17151N2_ddec.cif,524.4506686478468,0.010032450795079194,0.008098484376750674,0.001087856110309792,0.0008461103080187271,0.0,0.0,0.0,0.0
17152N2_ddec.cif,477.5677457607125,0.009147463963390029,0.007513988255641809,0.0009800854246489316,0.0007622886636158357,0.0,0.0,0.0,0.0
17153N2_ddec.cif,504.38435458924425,0.009819538430325757,0.008577987594307558,0.000790077804738854,0.0009029460625586903,0.0,0.0,0.0,0.0
17154N2_ddec.cif,512.4030718787187,0.0047975140470957025,0.004601697147214245,0.0005874506996443717,0.0003916337997629145,0.0,0.0,0.0,0.0
17155N2_ddec.cif,519.4314943552578,0.004700048643847183,0.004418045725216352,0.0007520077830155493,0.00037600389150777464,0.0,0.0,0.0,0.0
17156N2_ddec.cif,878.3513871735952,0.005314837528158715,0.005106412527054452,0.0008337000044170534,0.0004168500022085267,0.0,0.0,0.0,0.0
17160N3_ddec.cif,166.70867062710226,0.0033411982601636216,0.0020138729239342376,0.0,0.00036615871344258864,0.0,0.0,0.0,4.576983918032358e-5
17161N3_ddec.cif,333.2038401842121,0.003339058751159949,0.002012583356863531,0.0,0.00036592424670246017,0.0,0.0,0.0,4.574053083780752e-5
17162N3_ddec.cif,154.8207280711448,0.003390510282210826,0.0020795129730893066,0.0,0.0002712408225768661,0.0,0.0,0.0,0.0
17163N3_ddec.cif,311.5391702431505,0.0034112898614436452,0.0020922577816854357,0.0,0.0002729031889154916,0.0,0.0,0.0,0.0
17170N2_ddec.cif,748.7314222867451,0.015644961332801053,0.00995588448450976,0.00047408973735760766,0.001422269212072823,0.0,0.0,0.0,0.0
17180N2_ddec.cif,615.1009925595558,0.003896694626452714,0.0027107440879671056,0.0001694215054979441,0.0006776860219917764,0.0,0.0,0.0,0.0
17181N2_ddec.cif,571.8424144817448,0.0006992544118115896,0.0006992544118115896,0.0001748136029528974,0.0001748136029528974,0.0,0.0,0.0,0.0
17190N2_ddec.cif,530.3245395952246,0.01146524303719149,0.0076434953581276605,0.0,0.0010191327144170213,0.0,0.0,0.0,0.0
17191N2_ddec.cif,592.4220875223277,0.012298647332964733,0.008514448153590969,0.0,0.0015767496580724016,0.0,0.0,0.0,0.0
17210N2_ddec.cif,599.2670249493348,0.003940124015098696,0.001970062007549348,0.0002462577509436685,0.000492515501887337,0.0,0.0,0.0,0.0
17220N2_ddec.cif,573.6597420283103,0.0016845902050378106,0.0015722841913686234,0.00011230601366918738,0.00011230601366918738,0.0,0.00011230601366918738,0.0,0.0
17230N2_ddec.cif,755.6749688972719,0.007911407542935739,0.005274271695290492,0.0,0.0009589584900528168,0.0,0.0,0.0,0.0
17240N3_ddec.cif,434.18324882162983,0.0015868515456324468,0.0011334653897374619,0.0,0.0001133465389737462,0.0,0.0,0.0,0.0
17250N2_ddec.cif,507.86255048813393,0.0015788812271046108,0.0009868007669403818,0.0,0.0003947203067761527,0.0,0.0,0.0,0.0
18010N3_ddec.cif,1124.4749561265432,0.01145124947358683,0.008779291263083237,0.0007634166315724554,0.0007634166315724554,0.0,0.0,0.0,0.0
18011N3_ddec.cif,1004.4076267610927,0.009540218729029949,0.007314167692256295,0.00127202916387066,0.00063601458193533,0.0,0.0,0.0,0.0
18023N3_ddec.cif,588.8756925973487,0.006361022842101906,0.005088818273681525,0.0,0.0005088818273681525,0.0,0.0,0.0,0.0
18030N2_ddec.cif,748.7636388912958,0.004126504696691017,0.002652753019301368,0.0,0.0002947503354779298,0.0,0.0,0.0,0.0
18031N2_ddec.cif,601.9714972994187,0.0032223242017674065,0.002098257619755521,0.00014987554426825148,0.00014987554426825148,0.0,0.0,0.0,0.0
18032N2_ddec.cif,671.4640600910515,0.003777051178754939,0.002579449585491178,0.0,0.00018424639896365557,0.0,0.0,0.0,0.0
18033N2_ddec.cif,580.5669793321133,0.003096284669961716,0.002265574148752475,0.0,0.00030207655316699666,0.0,0.0,0.0,0.0
18040N3_ddec.cif,821.1973290911918,0.00826434314319941,0.005613516097267523,0.0006237240108075026,0.0006237240108075026,0.0,0.0,0.0,0.0
18041N3_ddec.cif,1143.1885801922379,0.009953049914809524,0.007500849211160801,0.0023079536034340924,0.0005769884008585231,0.0,0.0,0.0,0.0
18060N2_ddec.cif,655.4638097064918,0.0017203454769328728,0.0018923800246261602,0.0003440690953865746,0.0003440690953865746,0.0,0.0,0.0,0.0
18061N2_ddec.cif,711.9684026004619,0.001888559719394862,0.0016997037474553757,0.0003777119438789724,0.0003777119438789724,0.0,0.0,0.0,0.0
18070N2_ddec.cif,725.5701073766579,0.0023698378196427405,0.0017516192579968082,0.00020607285388197743,0.00020607285388197743,0.0,0.0,0.0,0.0
18080N2_ddec.cif,461.64023211802635,0.004494049236584007,0.0026964295419504044,0.0,0.0005992065648778676,0.0,0.0,0.0,7.490082060973345e-5
18083N2_ddec.cif,589.881329720691,0.0054233371303152,0.0037285442770917,0.0003389585706447,0.0006779171412894,0.0,0.0,0.0,8.4739642661175e-5
18090N2_ddec.cif,435.0851579079124,0.0014898872341050872,0.0007449436170525436,0.0001489887234105087,0.0,0.0,0.0,0.0,0.0
18100N2_ddec.cif,382.2560820057458,0.0012547711975026221,0.0006844206531832484,0.00011407010886387474,0.00011407010886387474,0.0,0.0,0.0,0.0
18101N2_ddec.cif,451.62844238371906,0.001451373273199135,0.000870823963919481,0.00014513732731991349,0.00014513732731991349,0.0,0.0,0.0,0.0
18110N2_ddec.cif,525.3291353551758,0.002902786895319566,0.0017624063293011651,0.0,0.0002073419210942547,0.0,0.0,0.0,0.0
18111N2_ddec.cif,635.4177364755936,0.003033207681774106,0.0014082749951094065,0.0,0.0002166576915552933,0.0,0.0002166576915552933,0.0,0.0
18112N2_ddec.cif,624.4319564076357,0.0032146991442458255,0.0014925388883998477,0.0002296213674461304,0.0002296213674461304,0.0,0.0,0.0,0.0
18120N3_ddec.cif,1132.0583162607907,0.0030182802223683546,0.002112796155657848,0.0,0.00030182802223683544,0.0,0.0,0.0,0.0
18121N3_ddec.cif,992.754995636291,0.010868084879507738,0.007382095389854313,0.0,0.0008202328210949237,0.0,0.0,0.0,0.0
18122N3_ddec.cif,939.6951050652052,0.010437104662497358,0.007065117002305904,0.0,0.0006422833638459912,0.0,0.0,0.0,0.0
18130N3_ddec.cif,741.4415258151589,0.00793616946902961,0.005419823052020222,0.0,0.0007742604360028889,0.0,0.0,0.0,0.0
18131N3_ddec.cif,1119.5456919113333,0.011983283954270124,0.008183706115111305,0.0,0.0011691008735873292,0.0,0.0,0.0,0.0
18133N3_ddec.cif,601.1763010925637,0.004224754478474255,0.0028696445514164747,0.0,0.00031884939460183055,7.971234865045764e-5,0.0,0.0,0.0
18134N3_ddec.cif,581.3348246868374,0.012215189994043776,0.007839599548416155,0.0,0.0014585301485425404,0.0,0.0,0.0,0.0
18140N2_ddec.cif,425.61315943434204,0.002299343921605221,0.0017245079412039157,0.0,0.00019161199346710175,0.0,0.0,0.0,0.0
18141N2_ddec.cif,494.20689240455437,0.0036697323164618816,0.0026503622285558035,0.0,0.00020387401758121564,0.0,0.0,0.0,0.0
18142N3_ddec.cif,139.3617631083489,0.0029832716278835993,0.0019888477519223995,0.0,0.00029464411139591104,0.0,0.0,0.0,0.0
18143N3_ddec.cif,109.07458467838565,0.0008070769131660848,0.0005206947826877967,0.0,5.206947826877967e-5,0.0,0.0,0.0,0.0
18150N2_ddec.cif,880.3394660517033,0.011411674071998546,0.0034869004108884446,0.0019019456786664242,0.0019019456786664242,0.0,0.0,0.0019019456786664242,0.0
18151N2_ddec.cif,755.5671624976299,0.001921647464324056,0.0008540655396995805,0.00021351638492489512,0.00021351638492489512,0.0,0.0,0.00021351638492489512,0.0
18161N2_ddec.cif,717.2446283867965,0.004132538259417482,0.0019285178543948249,0.0,0.0008265076518834964,0.0,0.00027550255062783213,0.0,0.0
19000N3_ddec.cif,207.17218197339096,0.0009210474171187202,0.0006698526669954329,0.0,8.373158337442912e-5,0.0,8.373158337442912e-5,0.0,0.0
19003N3_ddec.cif,280.8178111299087,0.005368915442234275,0.003275948405431083,0.0,0.00036399426727012034,0.0,0.00036399426727012034,0.0,0.0
19010N2_ddec.cif,739.4453218051134,0.003948571017263932,0.002241080847636286,0.0,0.0004268725424069116,0.0,0.0,0.0,0.0
19020N3_ddec.cif,322.83033787311695,0.0027962404889319272,0.0016368237008382014,0.0002728039501397002,0.0002728039501397002,0.0,0.0,0.0002728039501397002,0.0
19022N3_ddec.cif,367.5306478771969,0.002914264103287422,0.0017059106946072716,0.00028431844910121193,0.00028431844910121193,0.0,0.0,0.00028431844910121193,0.0
19030N2_ddec.cif,990.6879528348753,0.004215995761825781,0.0030114255441612723,0.0008030468117763393,0.0012045702176645089,0.0,0.0,0.00020076170294408481,0.0
19041N2_ddec.cif,521.0240273480483,0.0026674974182022896,0.0014549985917467034,0.00036374964793667585,0.00048499953058223446,0.0,0.0,0.0,0.00012124988264555862
19050N2_ddec.cif,381.9153373795964,0.0010689163834787054,0.00048587108339941153,0.0,0.0001943484333597646,0.0,9.71742166798823e-5,0.0,0.0
19051N2_ddec.cif,395.8897314732068,0.0011393757600121227,0.0004747399000050511,0.0,0.00018989596000202046,0.0,9.494798000101023e-5,0.0,0.0
19060N2_ddec.cif,604.8539930204325,0.01283556251654075,0.008852112080372931,0.00022130280200932325,0.0011065140100466164,0.0,0.0,0.0,0.0
19061N2_ddec.cif,560.0735400788261,0.012000573118987891,0.009000429839240919,0.0002142959485533552,0.0008571837942134208,0.0,0.0,0.0,0.0
19070N2_ddec.cif,455.43902667920037,0.0012815252809042239,0.0006990137895841221,0.00011650229826402035,0.00034950689479206105,0.0,0.0,0.0,0.0
19080N2_ddec.cif,575.7523928526979,0.001416770019299134,0.0012396737668867422,0.0003541925048247835,0.0003541925048247835,0.0,0.0,0.0,0.0
19090N2_ddec.cif,485.8632951389339,0.0014804362389838517,0.0006729255631744781,0.00013458511263489563,0.00026917022526979126,0.0,0.0,0.0,0.0
19101N2_ddec.cif,784.2676692828664,0.0024750242926666554,0.0008250080975555519,0.000550005398370368,0.0,0.0,0.0,0.0,0.0
19102N2_ddec.cif,600.0703682035331,0.002039551840068108,0.0008498132666950451,0.0,0.00033992530667801803,0.0,0.0,0.0,0.0
19110N2_ddec.cif,418.0328669092531,0.0012597383167941149,0.0008016516561417096,0.00011452166516310135,0.0002290433303262027,0.0,0.0,0.0,0.0
19120N2_ddec.cif,585.3672498597011,0.0013789244014543152,0.0009849460010387967,0.00039397840041551863,0.00039397840041551863,0.0,0.0,0.0,0.0
19122N2_ddec.cif,642.3585477993956,0.0015806696480296686,0.00138308594202596,0.00039516741200741715,0.00039516741200741715,0.0,0.0,0.0,0.0
19130N2_ddec.cif,575.5977904512124,0.003046668985834374,0.0017025503156133266,0.0,0.0003584316453922793,0.0,0.0,0.0,0.0
19140N2_ddec.cif,785.2670385125563,0.0023439375410832,0.00046878750821663996,0.00046878750821663996,0.00023439375410831998,0.0,0.0,0.0,0.0
19142N2_ddec.cif,667.5967683855185,0.0020922380293543026,0.0006437655474936316,0.0004828241606202237,0.0,0.0,0.0,0.0,0.0
19144N2_ddec.cif,1003.4151368541942,0.002690980758212632,0.0008072942274637895,0.0010763923032850527,0.0,0.0,0.0,0.0,0.0
19150N2_ddec.cif,1389.306719216172,0.005929251078340865,0.0029646255391704325,0.0014823127695852163,0.0029646255391704325,0.0,0.0,0.0,0.0
19170N2_ddec.cif,583.7017615057904,0.0016262054323323923,0.0016262054323323923,0.00023231506176177031,7.743835392059011e-5,0.0,7.743835392059011e-5,0.0,0.0
19180N2_ddec.cif,398.69452964606995,0.0012014624098932167,0.0007645669881138652,0.00010922385544483789,0.00021844771088967577,0.0,0.0,0.0,0.0
19181N2_ddec.cif,471.17180546680703,0.0013033394567653258,0.0008145871604783287,0.00016291743209566572,0.00032583486419133145,0.0,0.0,0.0,0.0
19182N2_ddec.cif,360.78773660798424,0.0009604822293218073,0.0006403214862145383,0.00016008037155363457,0.00024012055733045183,0.0,0.0,0.0,0.0
19190N2_ddec.cif,734.2557928479102,0.0034349403271101775,0.0024661110040791016,0.00017615078600565013,0.00017615078600565013,0.0,0.0,0.00017615078600565013,0.0
19191N2_ddec.cif,862.7659967292651,0.0018691250044216199,0.0018691250044216199,6.922685201561555e-5,6.922685201561555e-5,0.0,0.0,6.922685201561555e-5,0.0
19200N2_ddec.cif,585.1596071243958,0.002062366114691933,0.0013749107431279552,0.0,0.00022915179052132586,0.0,0.0,0.0,0.0
19210N2_ddec.cif,404.8041279052713,0.00273926166220632,0.002029082712745422,0.0,0.0004058165425490844,0.0,0.0,0.0,0.0
19212N2_ddec.cif,417.36841879170686,0.001414886633232203,0.0011116966403967308,0.0,0.0002021266618903147,0.0,0.0,0.0,0.0
19214N2_ddec.cif,457.99307152233126,0.0027474674529687094,0.0018643529145144814,0.0,0.00039249535042410133,0.0,0.0,0.000294371512818076,0.0
19220N2_ddec.cif,343.1520258215881,0.0012709872624208605,0.0007625923574525164,0.0,8.473248416139071e-5,0.0,0.0,0.0,0.0
19230N2_ddec.cif,511.9197528312176,0.0026825143426650053,0.0018091375799368639,6.238405448058151e-5,0.00024953621792232604,0.0,0.0,0.0,0.0
19240N3_ddec.cif,888.6534822818313,0.009830635518512551,0.00633159575768605,0.0,0.0006664837639669526,0.0,0.0,0.0,0.0
19241N3_ddec.cif,961.7927657249734,0.010629050816999785,0.00731836285760641,0.0,0.000696986938819658,0.0,0.0,0.0,0.0
19242N3_ddec.cif,939.9864136761805,0.009952524371848404,0.006072726735365128,0.0,0.0006747474150405697,0.0,0.0,0.00033737370752028484,0.0
19250N3_ddec.cif,1059.6797071032997,0.0051639037731647615,0.0040573529646294555,0.00036885026951176864,0.00036885026951176864,9.221256737794216e-5,0.0,0.0,0.0
19251N3_ddec.cif,1332.7557390853233,0.005664756705825449,0.004046254789875321,0.00040462547898753213,0.00040462547898753213,0.00010115636974688303,0.0,0.0,0.00020231273949376606
19252N3_ddec.cif,1028.8189189445454,0.0051996656662235295,0.004013777005505883,0.00036488881868235293,0.00036488881868235293,0.0,0.0,0.0,0.0
19253N3_ddec.cif,1251.1079000673449,0.005501852893662552,0.00386094939906144,0.000386094939906144,0.000386094939906144,0.0,0.0,0.0,0.000193047469953072
19260N2_ddec.cif,840.8648975272588,0.008430637753292981,0.0044632788105668725,0.0,0.001487759603522291,0.0,0.0,0.0,0.0
19270N2_ddec.cif,667.9511564455695,0.012190542308931481,0.006876716174269042,0.0,0.0012503120316852802,0.0,0.0006251560158426401,0.0,0.00015628900396066003
19280N2_ddec.cif,564.9400168846361,0.001909852028935917,0.0014488532633306957,0.00013171393303006325,0.00013171393303006325,0.0,0.0,0.0,0.0
19281N2_ddec.cif,550.0543330803383,0.0018519683941017654,0.0012346455960678437,0.00013718284400753816,0.00013718284400753816,0.0,0.0,0.0,0.0
19282N2_ddec.cif,542.2407309936531,0.0017212913332823852,0.0010683877241063082,0.00023741949424584623,0.00011870974712292312,0.0,0.0,0.0,0.0
19283N2_ddec.cif,568.1827124348247,0.0016855134364653255,0.001046180753668133,0.00011624230596312589,0.00011624230596312589,0.0,0.00011624230596312589,0.0,0.0
19290N2_ddec.cif,602.8424510748417,0.0022330311799939957,0.0014253390510599972,0.0,0.00014253390510599972,0.0,0.0,0.0,0.0
19291N2_ddec.cif,710.4263394290791,0.002637776263021747,0.0016486101643885917,0.0,0.00016486101643885918,0.0,0.0,0.0,0.0
19292N2_ddec.cif,664.1247979160418,0.007338309107891817,0.004745072054727039,5.5175256450314414e-5,0.0004414020516025153,0.0,0.0,0.0,0.0
19310N2_ddec.cif,537.809592870173,0.002968717993024909,0.0019450221333611472,0.0,0.00020473917193275233,0.0,0.0,0.0,0.0
19311N2_ddec.cif,555.8440378939392,0.002730396354987213,0.001680243910761362,0.0,0.0005250762221129257,0.0,0.0,0.0,0.0
19330N2_ddec.cif,513.9468315478383,0.00189015510636825,0.001120091914884889,0.0,0.00014001148936061111,0.0,0.0,0.0,0.0
19340N2_ddec.cif,601.978864951911,0.002011706302892533,0.0013411375352616888,0.0,0.0003352843838154222,0.0,0.0,0.0,0.0
19341N2_ddec.cif,718.5898168789281,0.005179304273790734,0.0032959209015031945,0.0,0.0004708458430718849,0.0,0.0,0.0,0.0
19350N2_ddec.cif,782.2146212576768,0.004442744511420855,0.0025387111493833455,0.0,0.00021155926244861213,0.0,0.0,0.0,0.0
19351N2_ddec.cif,592.6740276553604,0.002228141780153139,0.0012378565445295218,0.0,0.00012378565445295218,0.0,0.0,0.0,0.0
19352N2_ddec.cif,573.4224314982051,0.0021890969392003926,0.001142137533495857,0.0,9.517812779132142e-5,0.0,0.0,0.0,0.0
19353N2_ddec.cif,660.7940315395599,0.0037839700169359147,0.001974245226227434,0.0,0.0001645204355189528,0.0,0.0,0.0,0.0
19360N2_ddec.cif,376.17447514202206,0.0013630533396757458,0.0009087022264504973,0.0,0.00011358777830631216,0.0,0.0,0.0,0.0
19361N2_ddec.cif,375.6943715468139,0.0011469807047984751,0.0006690720777991105,0.0,9.558172539987293e-5,0.0,9.558172539987293e-5,0.0,0.0
19362N2_ddec.cif,354.08910677208445,0.001119180412374623,0.0006395316642140703,0.0,7.994145802675879e-5,0.0,7.994145802675879e-5,0.0,0.0
19363N2_ddec.cif,406.5735716849678,0.0012130086951167248,0.0008086724634111499,8.0867246341115e-5,8.0867246341115e-5,0.0,8.0867246341115e-5,0.0,0.0
19364N2_ddec.cif,444.19179817542494,0.0013391454910390253,0.001004359118279269,8.369659318993908e-5,8.369659318993908e-5,0.0,8.369659318993908e-5,0.0,0.0
19365N2_ddec.cif,440.51647787734777,0.0013404736428030048,0.001103919470543651,7.885139075311793e-5,7.885139075311793e-5,0.0,7.885139075311793e-5,0.0,0.0
19366N2_ddec.cif,363.3945544300813,0.001358163320695874,0.0007989196004093377,0.0,7.989196004093377e-5,0.0,0.0,0.0,0.0
19370N2_ddec.cif,736.0323268475705,0.007653629413259664,0.007239919715245628,0.0,0.0008274193960280718,0.0,0.0,0.0,0.0
19380N2_ddec.cif,597.4604288803016,0.0031930403215806456,0.0019818870961535043,0.0,0.00033031451602558403,0.0,0.0,0.0,0.0
19390N2_ddec.cif,702.8037399841971,0.006300131742927654,0.004200087828618436,0.0007000146381030727,0.001050021957154609,0.0,0.0,0.0,0.0
19401N3_ddec.cif,310.7046974188586,0.006391359735877088,0.0044078343006048884,0.0,0.0008815668601209777,0.0,0.0,0.0,0.0
19410N2_ddec.cif,500.03739920175497,0.0009260344064672979,0.0005556206438803788,0.0,6.173562709781986e-5,0.0,0.0,0.0,0.0
19411N2_ddec.cif,489.2272539862584,0.0009142273924425969,0.0005377808190838805,0.0,5.377808190838805e-5,0.0,0.0,0.0,0.0
19412N2_ddec.cif,488.838731636951,0.0009246660070347028,0.0005085663038690865,0.0,4.623330035173514e-5,0.0,0.0,0.0,0.0
19413N2_ddec.cif,410.1397010379445,0.0011420752187881508,0.0006229501193389913,0.0,0.00020765003977966378,0.0,0.00010382501988983189,0.0,0.0
19420N3_ddec.cif,229.75967202418042,0.0012378291935981266,0.0008802340932253345,0.0,0.00011002926165316681,0.0,0.0,0.0,0.0
19421N3_ddec.cif,150.99814069081617,0.0008296249198730412,0.0005821929262266955,0.0,5.821929262266956e-5,0.0,0.0,0.0,0.0
19430N2_ddec.cif,561.3244597207618,0.0015549511071776333,0.0008885434898157905,0.0,0.00011106793622697381,0.0,0.0,0.0,0.0
19440N2_ddec.cif,1071.1983709342826,0.019834878791184667,0.012892671214270032,0.0,0.0039669757582369335,0.0,0.0,0.0,0.00024793598488980834
19441N2_ddec.cif,1067.755459124746,0.0197432945145496,0.012833141434457239,0.0,0.003948658902909919,0.0,0.0,0.0,0.00024679118143186996
19450N2_ddec.cif,283.46475612899513,0.001912194011673409,0.0016453762426027008,4.446962817845137e-5,0.00022234814089225688,0.0,0.0,0.0,0.0
19451N2_ddec.cif,358.94099527428125,0.002459504630787129,0.0018713622190771634,5.346749197363324e-5,0.0002673374598681662,0.0,0.0,0.0,0.0
19452N2_ddec.cif,388.6437632945673,0.0026710225344559065,0.0019161683399357592,5.806570727078058e-5,0.0002903285363539029,0.0,0.0,0.0,0.0
19453N2_ddec.cif,338.4570440674664,0.0011447924490239946,0.0010407204082036315,0.0,0.0001561080612305447,0.0,0.0,0.0,0.0
19454N2_ddec.cif,367.6066347113995,0.0023989293390429545,0.0021437240902085976,0.00010208209953374276,0.00030624629860122825,0.0,0.0,0.0,0.0
19455N2_ddec.cif,240.88898107600446,0.0016720692849988505,0.0013609866273246458,0.0,0.00019442666104637797,0.0,0.0,0.0,0.0
19456N2_ddec.cif,355.4531958647966,0.0024147820783275552,0.0021464729585133823,0.0,0.0003219709437770074,0.0,0.0,0.0,0.0
19460N2_ddec.cif,694.6662986078096,0.004264299658252813,0.002842866438835209,0.0003553583048544011,0.0007107166097088022,0.0,0.0,0.0,0.0
19462N2_ddec.cif,650.5987086468509,0.001918640885742231,0.0013704577755301649,0.000274091555106033,0.000274091555106033,0.0,0.0,0.0,0.0
19464N2_ddec.cif,554.7727337041192,0.0017142777476527001,0.0015238024423579557,0.00019047530529474446,0.00019047530529474446,0.0,0.0,0.0,0.0
19466N2_ddec.cif,510.75674877141824,0.0015362862046799349,0.0012802385038999458,0.00025604770077998913,0.00012802385038999456,0.0,0.0,0.0,0.0
19470N2_ddec.cif,499.2756705626991,0.0017591773521215058,0.0011285288673987019,0.0,0.00019915215307035914,0.0,0.0,0.0,0.0
19480N2_ddec.cif,465.92935117475673,0.0016512293832831105,0.0013367095007529941,0.0,0.00015725994126505814,0.0,0.0,0.0,0.0
19481N2_ddec.cif,633.8647119314999,0.002118234699895707,0.0016138931046824434,0.0,0.00020173663808530543,0.0,0.0,0.00010086831904265271,0.0
19482N2_ddec.cif,638.3748568006563,0.004280413552230575,0.0033408105773506925,0.0,0.0005220016527110457,0.0,0.0,0.00010440033054220914,0.0
19483N2_ddec.cif,721.3022379234318,0.0024538144704410684,0.0021266392077155926,0.0,0.0003271752627254758,0.0,0.0,0.0,0.0
19490N2_ddec.cif,776.4834204618834,0.008487828921122851,0.005276217977995285,0.0,0.0006882023449559068,0.0,0.0,0.0,0.0
19491N2_ddec.cif,601.7158248251684,0.0066205894518690245,0.004413726301246017,0.0,0.00047289924656207315,0.0,0.0,0.0,0.0
19500N2_ddec.cif,396.9608808109439,0.0011989019684214058,0.0007193411810528435,0.00015985359578952078,0.00015985359578952078,0.0,0.0,0.0,0.0
19510N2_ddec.cif,348.3726188732362,0.00108629276778807,0.0007520488392378947,8.356098213754385e-5,0.0001671219642750877,0.0,0.0,0.0,0.0
19511N2_ddec.cif,500.0491156391529,0.003317692517172989,0.0022117950114486596,0.00018431625095405494,0.0003686325019081099,0.0,0.0,0.0,0.0
19520N2_ddec.cif,486.94353581070374,0.0015319786926244804,0.0013277148669412163,0.00020426382568326405,0.00010213191284163202,0.0,0.0,0.0,0.0
19521N2_ddec.cif,516.1441782215459,0.003172186962467859,0.002973925277313618,0.000495654212885603,0.00019826168515424118,0.0,0.0,0.0,0.0
19522N2_ddec.cif,580.4011162602311,0.0017477000296215943,0.0017477000296215943,0.0003084176522861637,0.0001028058840953879,0.0,0.0,0.0,0.0
19530N2_ddec.cif,376.16001503833934,0.004101960317711968,0.0028066044279081884,0.0,0.0003238389724509448,0.0,0.0,0.0,0.0
19531N2_ddec.cif,350.3396191293507,0.003863262418804916,0.0026340425582760795,0.0,0.0002634042558276079,0.0,0.0,0.0,0.0
19540N2_ddec.cif,656.3922888763118,0.0023663231474077145,0.001352184655661551,0.0,0.0002253641092769252,0.0,0.0,0.0,0.0
19541N2_ddec.cif,519.8097179336144,0.0019117171901479224,0.0011328694460135836,0.0,0.00014160868075169795,0.0,0.0,0.0,0.0
19542N2_ddec.cif,652.2975349330806,0.0018367697923736,0.0009183848961868,0.0,0.00027551546885604,0.0,0.00018367697923736,0.0,0.0
19550N2_ddec.cif,573.7049055646225,0.0059885815214717085,0.003930006623465808,0.0,0.0007485726901839636,0.0,0.0,0.0,0.0
19560N2_ddec.cif,474.06574016077246,0.0015911580297636265,0.001485080827779385,0.00010607720198424177,0.00010607720198424177,0.0,0.0,0.0,0.0
19570N2_ddec.cif,579.9029826598819,0.003053469704681861,0.0018320818228091166,0.0,0.0003664163645618233,0.0,0.0,0.0,0.0
19571N2_ddec.cif,553.1315336556648,0.002912505076236836,0.0017475030457421016,0.0,0.00034950060914842033,0.0,0.0,0.0,0.0
19572N2_ddec.cif,614.8028739034528,0.006538208850767856,0.003984221018436662,0.0,0.0007151165930527342,0.0,0.0,0.0,0.0
19573N2_ddec.cif,608.1264938317353,0.006467207934654947,0.003940954835180358,0.0,0.0007073508678528849,0.0,0.0,0.0,0.0
20000N2_ddec.cif,493.0765790143605,0.004898061400619604,0.003209074710750775,0.0,0.0006755946759475316,0.0,8.444933449344145e-5,0.0,0.0
20010N2_ddec.cif,393.25324767921427,0.0012921515491041882,0.0008122095451512041,0.00014767446275476437,7.383723137738218e-5,0.0,0.0,0.0,0.0
20021N2_ddec.cif,607.2071258964987,0.0017451710290103369,0.0009695394605612984,0.00019390789211225966,0.0003878157842245193,0.0,0.0,0.0,0.0
20030N2_ddec.cif,760.8135960350647,0.0018799158085312736,0.0017859200181047099,0.0004699789521328184,0.0003759831617062547,0.0,0.0,0.0,0.0
20031N2_ddec.cif,798.0243837995648,0.002047938314395412,0.0017686739987960375,0.00046544052599895724,0.0003723524207991658,0.0,0.0,0.0,0.0
20040N2_ddec.cif,464.3860316328271,0.004765877062968258,0.003112409510509883,0.0,0.0006808395804240369,0.0,0.0,0.0,0.0
20050N2_ddec.cif,436.5652928541535,0.002200087890267355,0.0013316321441091885,0.00011579409948775551,0.00023158819897551103,0.0,0.0,0.0,0.0
20051N2_ddec.cif,462.84438660378817,0.004443212806082657,0.0025723863614162752,0.00023385330558329775,0.0004677066111665955,0.0,0.0,0.0,5.8463326395824437e-5
20052N2_ddec.cif,465.92018482088184,0.004454603863633364,0.00257898118420879,0.0002344528349280718,0.0004689056698561436,0.0,0.0,0.0,5.861320873201795e-5
20070N2_ddec.cif,381.4009309329348,0.007580670874912719,0.005306469612438903,0.0,0.0007580670874912719,0.0,0.0,0.0,0.0
20080N2_ddec.cif,598.461359272604,0.005124553970463909,0.0025622769852319547,0.001024910794092782,0.0006832738627285212,0.0,0.0,0.0,0.0
20090N2_ddec.cif,631.705771398122,0.0017074047276673715,0.0010865302812428728,0.0,0.00015521861160612468,0.0,0.0,0.0,0.0
20091N2_ddec.cif,684.035523474389,0.00707832985070124,0.004089701691516272,0.000314592437808944,0.000629184875617888,0.0,0.0,0.0,0.0
20110N3_ddec.cif,102.72476743423348,0.001043299465915908,0.0007321399760813389,7.321399760813388e-5,7.321399760813388e-5,0.0,0.0,0.0,0.0
20113N3_ddec.cif,111.02416764260826,0.0011315805070399988,0.0008904240055396712,7.420200046163926e-5,7.420200046163926e-5,0.0,0.0,0.0,0.0
20116N3_ddec.cif,118.01855940964556,0.0012066130396760377,0.0010395435418747402,7.425311013391e-5,7.425311013391e-5,0.0,0.0,0.0,0.0
20120N2_ddec.cif,847.6008460789177,0.009491459241851942,0.0059660600948783634,0.0,0.0005423690995343967,0.0,0.0,0.0,0.0
20121N3_ddec.cif,939.0423709425665,0.0026199034575883906,0.0019304551792756564,0.0,0.0001378896556625469,0.0,0.0,0.0,0.0
20130N2_ddec.cif,565.5931292928086,0.001389700396341424,0.0008106585645324974,0.0,0.00011580836636178535,0.0,0.0,0.00011580836636178535,0.0
20140N2_ddec.cif,819.0378723684989,0.008670647537773657,0.005780431691849104,0.00044464859168070033,0.00044464859168070033,0.0,0.0,0.0,0.0
20141N2_ddec.cif,810.1112168795114,0.004289542602257993,0.003002679821580595,0.00021447713011289965,0.00021447713011289965,0.0,0.0,0.0,0.0
20142N2_ddec.cif,772.2940516071792,0.004086426383869075,0.0025809008740225736,0.00021507507283521446,0.00021507507283521446,0.0,0.0,0.0,0.0
20150N2_ddec.cif,570.2780559024889,0.0018544966883799645,0.0013090564859152692,0.0,0.0001090880404929391,0.0,0.0001090880404929391,0.0,0.0
20151N2_ddec.cif,612.000191892671,0.0020055844394611,0.0011797555526241765,0.0,0.00011797555526241765,0.0,0.00011797555526241765,0.0,0.0
20152N2_ddec.cif,591.4883883308427,0.00180353309497046,0.0012399290027921912,0.0,0.0002254416368713075,0.0,0.00011272081843565375,0.0,0.0
20153N2_ddec.cif,656.8452468460088,0.002018265645909749,0.0011352744258242339,0.0,0.0002522832057387186,0.0,0.0001261416028693593,0.0,0.0
20160N2_ddec.cif,524.3739666352379,0.0017143041737932014,0.0013333476907280454,0.00019047824153257793,9.523912076628896e-5,0.0,0.0,0.0,0.0
20161N2_ddec.cif,631.8674928786023,0.0022470971751071232,0.0014980647834047487,0.00010700462738605349,0.00010700462738605349,0.0,0.0,0.0,0.0
20162N2_ddec.cif,631.3660255703211,0.002252976807275342,0.001394699928313307,0.00010728460987025438,0.00010728460987025438,0.0,0.0,0.0,0.0
20164N2_ddec.cif,498.9516814803826,0.0015702357838916511,0.0012337566873434401,0.00011215969884940366,0.00022431939769880732,0.0,0.0,0.0,0.0
20165N2_ddec.cif,438.0412857356398,0.0014789963891947526,0.0010239205771348286,0.0,0.00022753790602996193,0.0,0.0,0.0,0.0
20166N2_ddec.cif,507.31135777891706,0.0014759730284359513,0.0011353638680276549,0.00011353638680276548,0.00034060916040829647,0.0,0.0,0.0,0.0
20167N2_ddec.cif,569.3381864302152,0.002145718657592612,0.001287431194555567,0.0,0.00010728593287963059,0.0,0.0,0.0,0.0
20168N2_ddec.cif,639.1071614847083,0.006702850209145576,0.004432529977015622,0.00032433146173285044,0.0004324419489771339,0.0,0.0,0.0,0.0
20169N2_ddec.cif,572.7173619797945,0.00635957462966148,0.003772629017595793,0.0,0.00043115760201094776,0.0,0.0,0.0,0.0
2016aN2_ddec.cif,518.3385025813998,0.004770187413667252,0.0037230731033500502,0.00034903810343906724,0.0008144222413578236,0.0,0.0,0.0,0.0
2016bN2_ddec.cif,401.3952214497003,0.003954803221474729,0.002705917993640604,0.0,0.0007285163829032396,0.0,0.0,0.0,0.0
20170N2_ddec.cif,617.7267750601703,0.0027961021089426886,0.0017019751967477237,0.0,0.00024313931382110337,0.0,0.00024313931382110337,0.0,0.0
20172N2_ddec.cif,775.2947160804742,0.003296877954118526,0.0023737521269653387,0.00026375023632948207,0.00026375023632948207,0.0,0.00026375023632948207,0.0,0.0
20180N2_ddec.cif,558.8882883697576,0.0033965687583914985,0.0018869826435508324,0.0,0.00018869826435508324,0.0,0.0,0.0005660947930652497,0.0
20181N2_ddec.cif,583.147284309012,0.0033360226358547873,0.0017661296307466521,0.0,0.0003924732512770338,0.0,0.0,0.0005887098769155507,0.0
20182N2_ddec.cif,541.9074296175368,0.0035338239292141017,0.0022086399557588138,0.00022086399557588135,0.0004417279911517627,0.0,0.0,0.0,0.0
20190N2_ddec.cif,423.1466845582754,0.0027609015940864017,0.0017569373780549828,0.0,0.0002509910540078547,0.0,0.00012549552700392736,0.0,0.0
20191N2_ddec.cif,377.25215358767434,0.0011704652855200942,0.0007202863295508273,0.0,9.003579119385341e-5,0.0,9.003579119385341e-5,0.0,0.0
20201N2_ddec.cif,600.8772275511576,0.003370100344883647,0.0017903658082194373,0.0,0.00021063127155522793,0.0,0.0,0.0,0.0
20202N2_ddec.cif,394.0718032080054,0.0014555156139358896,0.0008317232079633655,0.0,0.00010396540099542069,0.0,0.0,0.0,0.0
20203N2_ddec.cif,467.06671866656336,0.001736310057650505,0.0010081800334744867,0.0,0.00011202000371938742,0.0,0.0,0.0,0.0
20210N2_ddec.cif,486.19049986458805,0.002626608566548099,0.0019699564249110743,0.0,0.00021888404721234157,0.0,0.0,0.0,0.0
20211N2_ddec.cif,412.5456806900156,0.0030633571480132658,0.0022124246068984696,0.0,0.0001701865082229592,0.0,0.0,0.0,0.0
20220N2_ddec.cif,539.2822041741233,0.0029223969211900134,0.0020456778448330096,0.0,0.000876719076357004,0.0,0.00014611984605950067,0.0,0.0
20250N2_ddec.cif,320.4072652539901,0.0010818185495611171,0.0007489513035423118,0.0,0.00016643362300940262,0.0,0.0,0.0,0.0
20260N3_ddec.cif,944.1743495714528,0.010389375214885662,0.010739578873814392,0.0,0.00046693821190497357,0.0,0.0,0.0,0.0
20261N3_ddec.cif,779.6498401280721,0.008654113291840081,0.008568429001821863,0.0,0.0003427371600728745,0.0,0.0,0.0,0.0
20280N2_ddec.cif,620.764884756382,0.0034019491174625527,0.0020411694704775317,0.0,0.00027215592939700423,0.0,0.0,0.0,0.0
20281N2_ddec.cif,479.1476725522058,0.002584866598460295,0.0016155416240376844,0.0,0.00024233124360565267,0.0,0.0,0.0,0.0
20282N2_ddec.cif,499.1587459253359,0.0026928206972165747,0.001683012935760359,0.0,0.0002524519403640539,0.0,0.0,0.0,0.0
20290N2_ddec.cif,831.2224821886408,0.008835134845388375,0.005235635463933852,0.0,0.0009816816494875973,0.0,0.0,0.0,0.0
20300N2_ddec.cif,501.75201279364046,0.003055210993964838,0.0018331265963789029,0.0002036807329309892,0.0006110421987929677,0.0,0.0,0.0,0.0
20310N2_ddec.cif,316.06800517426535,0.0031410614487168468,0.002198743014101793,0.0,0.00031410614487168467,0.0,0.0,0.0,0.0
20311N2_ddec.cif,280.495508823127,0.002896377097203054,0.002005184144217499,0.0,0.00022279823824638878,0.0,0.0,0.0,0.0
20320N2_ddec.cif,342.95555376500874,0.0011740453274094596,0.0007547434247632242,0.0,0.00016772076105849425,0.0,0.0,0.0,0.0
20321N2_ddec.cif,466.9932351246584,0.001407279949827203,0.0008955417862536747,0.0001279345408933821,0.0002558690817867642,0.0,0.0,0.0,0.0
20331N2_ddec.cif,532.5563546989198,0.011513493307860586,0.0076756622052403896,0.0,0.0010234216273653854,0.0,0.0,0.0,0.0
20340N2_ddec.cif,695.9503723359738,0.015061361837441486,0.00714776493980274,0.0,0.0015316639156720156,0.0,0.0,0.0,0.0
20341N2_ddec.cif,548.7156295035778,0.0019905580530493973,0.0010857589380269441,0.0,0.0001809598230044907,0.0,0.0,0.0,0.0
20350N2_ddec.cif,643.8433759626383,0.0061238810250410485,0.003461324057631897,0.0,0.0007987670902227455,0.0,0.0,0.0,0.00013312784837045757
20360N2_ddec.cif,433.299059227899,0.0016004026197150838,0.0009145157826943337,0.0,0.00011431447283679171,0.0,0.0,0.0,0.0
20361N2_ddec.cif,571.0319712259474,0.002071514328652944,0.0011299169065379694,0.0,0.00018831948442299488,0.0,0.0,0.0,0.0
20362N2_ddec.cif,785.6390922311209,0.005784942255242124,0.003114968906668836,0.0,0.000444995558095548,0.0,0.0,0.0,0.0
20370N3_ddec.cif,318.39938792260534,0.0008428943917278595,0.0006743155133822876,0.0,8.428943917278595e-5,0.0,0.0,0.0,0.0
20380N2_ddec.cif,654.6320901346803,0.0014093126774339785,0.000603991147471705,0.00020133038249056835,0.0004026607649811367,0.0,0.00020133038249056835,0.0,0.0
20390N2_ddec.cif,515.0819881473772,0.0023478137601173643,0.0012326022240616164,0.0,0.00023478137601173644,0.0,5.869534400293411e-5,0.00011739068800586822,0.0
20391N2_ddec.cif,494.7176323866206,0.0023732185199146875,0.0012459397229552108,0.0,0.00023732185199146872,0.0,5.933046299786718e-5,0.00011866092599573436,0.0
20392N2_ddec.cif,466.57163905936864,0.00237430187801916,0.001365223579861017,0.0,0.000237430187801916,0.0,5.9357546950479e-5,0.0,0.0
20400N2_ddec.cif,970.5196981820676,0.0031592187496694984,0.001895531249801699,0.0,0.0006318437499338997,0.0,0.0,0.0,0.0
20401N2_ddec.cif,410.6122130348682,0.0014878371215312262,0.0009918914143541508,0.0,0.00012398642679426885,0.0,0.0,0.0,0.0
20402N2_ddec.cif,589.1370620057307,0.0019587361529480106,0.0015067201176523159,0.00015067201176523158,0.00015067201176523158,0.0,0.0,0.0,0.0
20403N2_ddec.cif,617.9138304859962,0.00341437786114558,0.0020730151299812446,0.0,0.00024388413293896998,0.0,0.0,0.0,0.0
20410N2_ddec.cif,501.9446955612689,0.0016209283692543441,0.0010806189128362296,0.00015437413040517563,0.00015437413040517563,0.0,0.0,0.0,0.0
20411N2_ddec.cif,685.6334074103404,0.0033495429582650273,0.002621381445598717,0.00029126460506652413,0.00029126460506652413,0.0,0.0,0.0,0.0
20420N2_ddec.cif,971.6998173890471,0.003045208095373936,0.000761302023843484,0.000380651011921742,0.000380651011921742,0.0,0.0,0.0,0.0
20421N2_ddec.cif,970.8164690155957,0.003042439771690293,0.0007606099429225732,0.0003803049714612866,0.0003803049714612866,0.0,0.0,0.0,0.0
20430N3_ddec.cif,108.75024889609897,0.0024646332927852803,0.0014343357687520895,0.0,0.00012121147341566953,0.0,0.0,0.0,0.0
20440N3_ddec.cif,494.9244333318653,0.0022479442327726883,0.00260288279584206,0.00047325141742582914,0.0005915642717822864,0.0,0.0,0.00011831285435645729,0.0
20441N3_ddec.cif,444.5322536756108,0.0020918301740330183,0.002589884977374213,0.0003984438426729559,0.0004980548033411948,0.0,0.0,9.961096066823897e-5,0.0
20442N3_ddec.cif,609.9898380011549,0.002958502946147375,0.0038589168862791846,0.0005145222515038913,0.0006431528143798641,0.0,0.0,0.00012863056287597282,0.0
20443N3_ddec.cif,569.7077570166248,0.002588409827104187,0.0032046978811766124,0.0006162880540724255,0.0006162880540724255,0.0,0.0,0.00012325761081448508,0.0
20450N2_ddec.cif,544.1577152062088,0.0031012277457321776,0.0020277258337479624,0.0,0.00011927799022046837,0.0,0.0,0.0,0.0
20460N2_ddec.cif,1053.2585399296422,0.001738723841024144,0.001069983902168704,0.000267495975542176,0.000267495975542176,0.0,0.0,0.001203731889939792,0.0
20470N2_ddec.cif,549.8404880858408,0.0017649465921011787,0.001008540909772102,0.0003361803032573674,0.0,0.0,0.0,0.0,0.0
20471N2_ddec.cif,430.9374497259548,0.0014167086071164112,0.0008264133541512398,0.00023611810118606854,0.0,0.0,0.0,0.0,0.0
20472N2_ddec.cif,367.16924851137674,0.0012493431594080059,0.0007496058956448035,0.00016657908792106746,0.0,0.0,0.0,0.0,0.0
20473N2_ddec.cif,240.70769629241968,0.0008729771310744012,0.0005923773389433436,6.235550936245722e-5,0.0,0.0,0.0,0.0,0.0
20490N2_ddec.cif,565.7458303339705,0.0019983561757855417,0.0015225570863127936,9.51598178945496e-5,9.51598178945496e-5,0.0,0.0,0.0,0.0
20491N2_ddec.cif,633.7506368093937,0.002238566209544057,0.0017055742548907102,0.00010659839093066939,0.00010659839093066939,0.0,0.0,0.0,0.0
20500N3_ddec.cif,515.4670048891089,0.0007314752442884742,0.000406375135715819,0.0001625500542863276,8.12750271431638e-5,0.0,0.0,0.0,0.0
20501N3_ddec.cif,805.1403504325225,0.0011425372117577813,0.0006347428954209896,0.00025389715816839586,0.00012694857908419793,0.0,0.0,0.0,0.0
20510N2_ddec.cif,431.6522520980547,0.001587498274911634,0.0009407397184661535,0.0,0.0001175924648082692,0.0,0.0,0.0,0.0
20520N3_ddec.cif,659.9400170035779,0.0024443258161309833,0.00146659548967859,0.0,0.0001629550544087322,0.0,0.0,0.0,0.0
20521N3_ddec.cif,648.3912087897751,0.002427426238530914,0.0014834271457688918,0.0,0.00013485701325171743,0.0,0.0,0.0,0.0
20530N2_ddec.cif,568.3825721840016,0.0025056780683919686,0.001138944576541804,0.00045557783061672154,0.00030371855374448106,0.0,0.0,0.0,0.0
20531N2_ddec.cif,505.42415564084,0.0007919075942548192,0.0003654958127329935,0.00012183193757766449,6.0915968788832246e-5,0.0,0.0,0.0,0.0
20540N2_ddec.cif,890.4223949332925,0.004974472129394898,0.003482130490576429,0.0004974472129394899,0.0007461708194092348,0.0,0.0,0.0,0.0
20541N2_ddec.cif,921.216387599486,0.004570488363600933,0.003264634545429238,0.0006529269090858476,0.0009793903636287715,0.0,0.0,0.0,0.0
20542N2_ddec.cif,769.1432728606056,0.004609757853728504,0.0031913708218120414,0.00035459675797911566,0.0005318951369686735,0.0,0.0,0.0,0.0
20543N2_ddec.cif,801.6132905547928,0.004860756532756053,0.0038191658471654704,0.00034719689519686095,0.0005207953427952914,0.0,0.0,0.0,0.0
20544N2_ddec.cif,796.5334650508979,0.004802810038407656,0.0035576370654871524,0.00035576370654871525,0.0005336455598230729,0.0,0.0,0.0,0.0
20550N2_ddec.cif,1211.7783666190057,0.004808859607243682,0.0020247829925236554,0.0005061957481309139,0.0005061957481309139,0.0,0.0005061957481309139,0.0,0.0
20551N2_ddec.cif,1167.343007361254,0.005052876650908567,0.0026594087636360878,0.0,0.0005318817527272176,0.0,0.0005318817527272176,0.0,0.0
20560N3_ddec.cif,1042.8459878289125,0.002839495433144487,0.001892996955429658,0.0014197477165722434,0.0,0.0,0.0,0.0,0.0
20561N3_ddec.cif,1257.6614757155885,0.0028140124874377137,0.000938004162479238,0.0014070062437188569,0.0,0.0,0.0,0.000938004162479238,0.0
20562N3_ddec.cif,1140.3715708555953,0.0033401112358297414,0.002862952487854064,0.001431476243927032,0.0,0.0,0.0,0.0,0.0
20563N3_ddec.cif,782.2322095047994,0.002726894740960258,0.0016361368445761547,0.0008180684222880774,0.0,0.0,0.0,0.0,0.0
20564N3_ddec.cif,568.541435253719,0.0021224332208449217,0.001414955480563281,0.0005306083052112304,0.0,0.0,0.0,0.0,0.0
20565N3_ddec.cif,1757.053383535788,0.0043633115343052085,0.002908874356203472,0.002908874356203472,0.0,0.0,0.0,0.0,0.0
20570N3_ddec.cif,1157.4758573469808,0.012389277158595523,0.008460969766845723,0.0,0.0012087099666922463,0.0,0.0,0.0,0.0
20571N3_ddec.cif,937.5190619603833,0.009530791704362291,0.006473745308623443,0.0,0.0014386100685829873,0.0,0.0,0.0,0.0
20580N3_ddec.cif,540.2464755809976,0.0026829418327292977,0.002200012302838024,0.0001073176733091719,0.00032195301992751573,0.0,0.0,0.0,0.0
20581N2_ddec.cif,570.1529614771952,0.00545881206286617,0.004367049650292936,0.0002183524825146468,0.0006550574475439404,0.0,0.0,0.0,5.45881206286617e-5
20590N2_ddec.cif,504.6981639323694,0.0031623543097500655,0.0018602084175000384,0.0,0.0005580625252500115,0.0,9.301042087500192e-5,0.0,0.0
20600N2_ddec.cif,589.1251087939027,0.005416833056404096,0.002500076795263429,0.0008333589317544763,0.0005555726211696508,0.0,0.0,0.0,0.0
20610N2_ddec.cif,396.66213389139796,0.0013097290195750629,0.0008334639215477672,0.0,0.0002381325490136478,0.0,0.0,0.0,0.0
20611N2_ddec.cif,405.02687097367345,0.007369644749241373,0.0052480803517324925,0.0,0.002009903113429465,0.0,0.0,0.0,0.0
20620N2_ddec.cif,727.4868999928776,0.004694010887313425,0.0032496998450631405,0.00036107776056257116,0.0005416166408438568,0.0,0.0,0.0,0.0
20621N2_ddec.cif,1177.918167930399,0.007808329964179996,0.004489789729403498,0.0003904164982089998,0.0009760412455224995,0.0,0.0,0.0,0.0
20630N2_ddec.cif,500.21950478944217,0.0017266354906415099,0.0012011377326201808,0.0,0.0002252133248662839,0.0,0.0,0.0,0.0
20631N2_ddec.cif,486.72615784206874,0.0014768366200087744,0.0008751624414866811,0.0,0.0001640929577787527,0.0,0.00010939530518583513,0.0,0.0
20640N2_ddec.cif,543.6874893676695,0.004014213286944927,0.0025869374515867308,0.0,0.0002676142191296618,0.0,0.0,0.0,0.0
20650N2_ddec.cif,812.5996282670595,0.005338660996535202,0.003249619737021427,0.0,0.0006963470865045915,0.0,0.0,0.0002321156955015305,0.0
20651N3_ddec.cif,748.7493102523525,0.009457899388640282,0.00630526625909352,0.000394079141193345,0.0011822374235800352,0.0,0.0,0.000394079141193345,0.0
20652N2_ddec.cif,888.963411883828,0.005318948066930772,0.0030063619508739147,0.0,0.0006937758348170572,0.0,0.0,0.00046251722321137144,0.0
20653N2_ddec.cif,1003.9843580591621,0.005443310730009977,0.003402069206256236,0.0,0.0006804138412512471,0.0,0.0,0.00045360922750083143,0.0
20670N3_ddec.cif,450.9461097861191,0.02057569390012139,0.01194717710329629,0.0,0.0008849760817256511,0.0,0.0,0.0,0.0
20671N2_ddec.cif,650.4168838513725,0.0037287005180856145,0.0021511733758186238,0.0,0.00014341155838790823,0.0,0.0,0.0,0.0
20672N2_ddec.cif,623.7615979066928,0.002331268074350073,0.001371334161382396,0.0,0.0001371334161382396,0.0,0.0,0.0,0.0
21000N2_ddec.cif,517.9297404235421,0.0011618553867859748,0.000633739301883259,0.0,0.00021124643396108633,0.0,0.0,0.00010562321698054317,0.0
21010N2_ddec.cif,415.6108137347689,0.002785488054202705,0.0015598733103535146,0.00022283904433621638,0.00022283904433621638,0.0,0.0,0.0,0.0
21011N2_ddec.cif,407.06721473676504,0.0013603864411273312,0.000941805997703537,0.00010464511085594855,0.00010464511085594855,0.0,0.0,0.0,0.0
21012N2_ddec.cif,416.4959535820409,0.002558932681576972,0.0016377169162092619,0.00040942922905231547,0.00020471461452615774,0.0,0.0,0.0,0.0
21013N2_ddec.cif,396.9305166789292,0.0012260285951625307,0.0008487890274202136,0.00018861978387115858,9.430989193557929e-5,0.0,0.0,0.0,0.0
21014N2_ddec.cif,399.5786970827816,0.0013285011084844852,0.00102192392960345,0.00010219239296034502,0.00010219239296034502,0.0,0.0,0.0,0.0
21020N2_ddec.cif,487.9297646158921,0.010731023460342963,0.008760019151300378,0.0,0.0006570014363475284,0.0,0.0,0.0,0.0
21021N2_ddec.cif,647.1816012677979,0.0139257725205259,0.012881339581486457,0.0,0.0010444329390394424,0.0,0.0,0.0,0.0
21030N2_ddec.cif,613.1168135517179,0.0022764710251958514,0.001422794390747407,0.0,0.00014227943907474072,0.0,0.0,0.0,0.0
21031N2_ddec.cif,727.0006547491673,0.004048973758151436,0.002530608598844647,0.0,0.00025306085988446473,0.0,0.0,0.0,0.0
21032N2_ddec.cif,565.4575615265875,0.0020995146868282616,0.0013121966792676634,0.0,0.00013121966792676635,0.0,0.0,0.0,0.0
21033N2_ddec.cif,675.2556645128683,0.003760784048535749,0.002350490030334843,0.0,0.0002350490030334843,0.0,0.0,0.0,0.0
21034N2_ddec.cif,682.4746954259568,0.0038009898812752865,0.002375618675797054,0.0,0.0002375618675797054,0.0,0.0,0.0,0.0
21035N2_ddec.cif,683.5543298695696,0.0038070028215691203,0.0023793767634807004,0.0,0.00023793767634807002,0.0,0.0,0.0,0.0
21040N3_ddec.cif,1100.3435267505242,0.010107577642287023,0.005859465299876535,0.0005859465299876535,0.0005859465299876535,0.0,0.0,0.0005859465299876535,0.0
21041N3_ddec.cif,895.1787203238623,0.008508060205361233,0.005041813455028879,0.0004201511212524066,0.0004201511212524066,0.0,0.0,0.0004201511212524066,0.0
21050N2_ddec.cif,392.14033710416294,0.002069155349166617,0.0013794368994444115,0.00012932220932291357,8.621480621527572e-5,0.0,0.0,0.0,0.0
21051N2_ddec.cif,549.2722877080992,0.0029344651096652906,0.001956310073110194,0.00016302583942584946,0.00010868389295056632,0.0,0.0,0.0,0.0
21052N2_ddec.cif,406.09250292864976,0.0021302327828249435,0.0015976745871187077,0.00013313954892655897,8.875969928437264e-5,0.0,0.0,0.0,0.0
21053N2_ddec.cif,379.94171581874457,0.0020191243116251473,0.0014956476382408498,0.00011217357286806373,7.478238191204248e-5,0.0,0.0,0.0,0.0
21060N2_ddec.cif,614.5793612710554,0.001939043843260091,0.0012926958955067273,0.00010772465795889394,0.00032317397387668183,0.0,0.0,0.0,0.0
21070N2_ddec.cif,915.2240966224826,0.0022948670545202923,0.0007649556848400975,0.0007649556848400975,0.00038247784242004875,0.0,0.0,0.0,0.0
21071N2_ddec.cif,891.8595752090805,0.007020640342016114,0.002340213447338705,0.001950177872782254,0.0011701067236693525,0.0,0.0,0.0,0.0
21072N2_ddec.cif,836.9348963638157,0.006909392929856654,0.0023031309766188843,0.0015354206510792563,0.0011515654883094422,0.0,0.0,0.0,0.0
21073N2_ddec.cif,798.2798080521367,0.002309314164489606,0.000769771388163202,0.000384885694081601,0.000384885694081601,0.0,0.0,0.0,0.0
21080N2_ddec.cif,458.85951986952745,0.0014378985825086396,0.0006636454996193722,0.00022121516653979072,0.00011060758326989536,0.0,0.0,0.0,0.0
21081N2_ddec.cif,572.5977675604618,0.005048520973025101,0.002294782260465955,0.0009179129041863821,0.0006119419361242548,0.0,0.0,0.0,0.0
21082N2_ddec.cif,489.04573930047167,0.0015784895104746608,0.0007366284382215084,0.0002104652680632881,0.00010523263403164405,0.0,0.0,0.0,0.0
21090N3_ddec.cif,1285.514063159374,0.02641840754012889,0.019289630902316335,0.0016773592088970726,0.0016773592088970726,0.0,0.0,0.0,0.0
21091N3_ddec.cif,1062.7293200986744,0.021839991554981647,0.01594666050046279,0.0013866661304750253,0.0013866661304750253,0.0,0.0,0.0,0.0
21100N2_ddec.cif,398.4658345668016,0.0020065653881665194,0.0010032826940832597,0.0,0.00018241503528786538,0.0,4.5603758821966346e-5,4.5603758821966346e-5,0.0
21101N2_ddec.cif,432.60832631392043,0.002120497578395843,0.0010120556624161978,0.0,0.00019277250712689483,0.0,4.819312678172371e-5,9.638625356344741e-5,0.0
21110N3_ddec.cif,344.3613932687193,0.0024292827926170124,0.001448226280213988,0.0,0.0002803018606865783,0.0,0.0,0.0,0.0
21111N3_ddec.cif,557.2879819446566,0.006233577437117746,0.005585933028066552,0.0,0.0002428666533941979,0.0,0.0,0.0,0.0
21120N2_ddec.cif,386.5272465928373,0.0022551941479125206,0.0016705141836389041,0.00033410283672778083,0.00033410283672778083,0.0,0.0,0.0,0.0
21130N2_ddec.cif,585.21263596265,0.0037284001366564784,0.0025510106198175907,0.00019623158613981466,0.000588694758419444,0.0,0.0,0.0,0.0
21131N2_ddec.cif,623.1844598553347,0.01079440647511422,0.009252348407240759,0.00154205806787346,0.0017133978531927332,0.0,0.0,0.0,0.0
21140N2_ddec.cif,801.2479009777625,0.016201303248470897,0.01012581453029431,0.0005062907265147155,0.002025162906058862,0.0,0.0,0.0,0.0
21150N2_ddec.cif,987.8858428073708,0.001957372454666178,0.0027102080141531695,0.0009034026713843898,0.0003011342237947966,0.0,0.0,0.0,0.0
21170N2_ddec.cif,415.88917690589653,0.002814272877897769,0.0020846465762205694,0.0,0.0004169293152441139,0.0,0.0,0.0,0.0
21180N2_ddec.cif,582.2049801127828,0.0015093302553048958,0.001006220170203264,0.0,0.00033540672340108795,0.0,0.00016770336170054398,0.0,0.0
21181N2_ddec.cif,433.9795386668051,0.0013788345894301304,0.0009192230596200868,0.0,0.00030640768654002895,0.0,0.0,0.0,0.0
21190N2_ddec.cif,317.2643248148646,0.001902111981402322,0.001246211298160142,0.000196770204972654,0.00032795034162109,0.0,0.0,0.0,0.0
21191N2_ddec.cif,327.8507549672893,0.0018486690260107507,0.001205653712615707,0.0002411307425231414,0.00040188457087190235,0.0,0.0,0.0,0.0
21200N2_ddec.cif,520.4291393242469,0.0012597139147916463,0.0007558283488749878,8.398092765277642e-5,0.00016796185530555284,0.0,0.0,0.0,0.0
21201N2_ddec.cif,579.2202544139632,0.005595986894151564,0.0035441250329626573,0.0003730657929434376,0.0007461315858868752,0.0,0.0,0.0,0.0
21220N2_ddec.cif,495.5141839772465,0.001667736901651389,0.0009655318904297515,8.777562640270468e-5,0.00017555125280540936,0.0,0.0,0.0,0.0
21230N2_ddec.cif,474.18134220268604,0.004153653349467598,0.0046728600181510475,0.0005192066686834498,0.0006057411134640248,0.0,0.0,0.0,0.0
21250N2_ddec.cif,739.0179913010754,0.002002745425040351,0.0014019217975282455,0.00020027454250403506,0.0006008236275121052,0.0,0.0,0.0,0.0
21251N2_ddec.cif,523.4319172182373,0.0013812124540103713,0.0009865803242931224,0.0001973160648586245,0.000394632129717249,0.0,0.0,0.0,0.0
21260N2_ddec.cif,581.9799907449201,0.0026969489415644564,0.0014158981943213397,0.0,0.0004045423412346685,0.0,0.00013484744707822284,0.0,0.0
21270N3_ddec.cif,1052.215462435787,0.011197182075580712,0.007709535199580161,0.00036712072378953153,0.0007342414475790631,0.0,0.0,0.0,0.0
21271N3_ddec.cif,724.3437538729803,0.0040531404283144995,0.0026259783056685492,0.0,0.0002283459396233521,0.0,0.0,0.0,0.0
21280N3_ddec.cif,334.81386080072144,0.011920249616754757,0.008558127929977776,0.0013754134173178567,0.0019867082694591262,0.0,0.0,0.0,0.0
21290N2_ddec.cif,432.8587747721083,0.002132902811345349,0.0013406817671313622,0.0,0.00012188016064830566,0.0,0.00012188016064830566,0.0,0.0
21291N3_ddec.cif,377.3872289007597,0.003521203742179574,0.0021855747365252527,0.0,0.000323788849855593,0.0,0.00024284163739169475,0.0,0.0
21310N2_ddec.cif,436.6504593748918,0.002470488272909294,0.0013652698350288203,0.0,0.00013002569857417336,0.0,0.0,0.0,0.0
21311N3_ddec.cif,418.2585991726525,0.0023664304986161745,0.001307764222919465,0.0,0.00012454897361137762,0.0,0.0,0.0,0.0
21312N2_ddec.cif,242.28298050739696,0.0009055167540143547,0.000532656914126091,0.0,5.3265691412609104e-5,0.0,0.0,0.0,0.0
21313N3_ddec.cif,250.06015752264756,0.0009345834431870587,0.0005497549665806228,0.0,5.497549665806227e-5,0.0,0.0,0.0,0.0
21314N2_ddec.cif,370.3070981473784,0.003984797276636002,0.002291258434065701,0.0,0.0003984797276636002,0.0,0.0,0.0,0.0
21315N3_ddec.cif,398.7191618965672,0.004290533555572565,0.002467056794454225,0.0,0.0004290533555572565,0.0,0.0,0.0,0.0
21320N2_ddec.cif,553.4274756485754,0.0029548424886485054,0.0015595002023422668,0.0,0.00032831583207205614,0.0,0.0,0.0,0.0
