crystal_name,crystal_density,B,O,C,H,Si,N,S,P,halogens,metals
05000N2_ddec.cif,1049.36734440269,0.14285714285714285,0.14285714285714285,0.42857142857142855,0.2857142857142857,0.0,0.0,0.0,0.0,0.0,0.0
05001N2_ddec.cif,585.4772095119,0.0625,0.125,0.5625,0.25,0.0,0.0,0.0,0.0,0.0,0.0
07000N2_ddec.cif,458.05448366779876,0.047619047619047616,0.09523809523809523,0.5714285714285714,0.2857142857142857,0.0,0.0,0.0,0.0,0.0,0.0
07001N2_ddec.cif,1100.2199764927752,0.07142857142857142,0.14285714285714285,0.5714285714285714,0.21428571428571427,0.0,0.0,0.0,0.0,0.0,0.0
07002N2_ddec.cif,703.1143859606678,0.041666666666666664,0.08333333333333333,0.5833333333333334,0.2916666666666667,0.0,0.0,0.0,0.0,0.0,0.0
07010N3_ddec.cif,421.6797840757804,0.08163265306122448,0.08163265306122448,0.5102040816326531,0.32653061224489793,0.0,0.0,0.0,0.0,0.0,0.0
07011N3_ddec.cif,383.1168353325901,0.08163265306122448,0.08163265306122448,0.4897959183673469,0.32653061224489793,0.02040816326530612,0.0,0.0,0.0,0.0,0.0
07012N3_ddec.cif,180.98115721860594,0.047058823529411764,0.09411764705882353,0.5647058823529412,0.2823529411764706,0.011764705882352941,0.0,0.0,0.0,0.0,0.0
07013N3_ddec.cif,171.07457191644215,0.047058823529411764,0.09411764705882353,0.5764705882352941,0.2823529411764706,0.0,0.0,0.0,0.0,0.0,0.0
08000N3_ddec.cif,519.9785160557099,0.04428044280442804,0.08856088560885608,0.3948339483394834,0.44280442804428044,0.02952029520295203,0.0,0.0,0.0,0.0,0.0
08010N2_ddec.cif,1143.1491213329991,0.05263157894736842,0.10526315789473684,0.42105263157894735,0.42105263157894735,0.0,0.0,0.0,0.0,0.0,0.0
08011N2_ddec.cif,988.3273845164592,0.0625,0.125,0.4375,0.375,0.0,0.0,0.0,0.0,0.0,0.0
08012N2_ddec.cif,874.699774499947,0.07692307692307693,0.15384615384615385,0.46153846153846156,0.3076923076923077,0.0,0.0,0.0,0.0,0.0,0.0
08013N2_ddec.cif,756.001038154494,0.1,0.2,0.5,0.2,0.0,0.0,0.0,0.0,0.0,0.0
08020N2_ddec.cif,1002.363374568802,0.0,0.0,0.5714285714285714,0.2857142857142857,0.0,0.14285714285714285,0.0,0.0,0.0,0.0
08030N2_ddec.cif,518.3364974584679,0.043478260869565216,0.08695652173913043,0.6086956521739131,0.2608695652173913,0.0,0.0,0.0,0.0,0.0,0.0
09000N3_ddec.cif,501.0455191496647,0.0,0.0,0.5616438356164384,0.3835616438356164,0.0,0.0547945205479452,0.0,0.0,0.0,0.0
09010N2_ddec.cif,731.008729015671,0.07142857142857142,0.07142857142857142,0.5714285714285714,0.2857142857142857,0.0,0.0,0.0,0.0,0.0,0.0
10000N2_ddec.cif,960.475216280665,0.0,0.0,0.6,0.3,0.0,0.1,0.0,0.0,0.0,0.0
10010N2_ddec.cif,759.4614624670429,0.04878048780487805,0.0975609756097561,0.5365853658536586,0.21951219512195122,0.0,0.0975609756097561,0.0,0.0,0.0,0.0
10020N2_ddec.cif,635.8506933238112,0.0,0.0,0.6153846153846154,0.38461538461538464,0.0,0.0,0.0,0.0,0.0,0.0
11000N2_ddec.cif,596.6174211083564,0.0,0.09090909090909091,0.4090909090909091,0.4090909090909091,0.0,0.09090909090909091,0.0,0.0,0.0,0.0
11001N2_ddec.cif,736.428622342699,0.0,0.09090909090909091,0.4090909090909091,0.4090909090909091,0.0,0.09090909090909091,0.0,0.0,0.0,0.0
11002N2_ddec.cif,427.07625511220937,0.0,0.0625,0.46875,0.40625,0.0,0.0625,0.0,0.0,0.0,0.0
11003N2_ddec.cif,493.234361703798,0.0,0.0625,0.46875,0.40625,0.0,0.0625,0.0,0.0,0.0,0.0
11010N2_ddec.cif,935.5220420910194,0.04819277108433735,0.0963855421686747,0.5301204819277109,0.14457831325301204,0.0,0.14457831325301204,0.024096385542168676,0.0,0.0,0.012048192771084338
11020N2_ddec.cif,618.7741305717103,0.0,0.0,0.5454545454545454,0.36363636363636365,0.0,0.09090909090909091,0.0,0.0,0.0,0.0
11030N2_ddec.cif,552.1291332496619,0.0,0.0,0.5660377358490566,0.3584905660377358,0.0,0.07547169811320754,0.0,0.0,0.0,0.0
11031N2_ddec.cif,299.75730659784097,0.031746031746031744,0.06349206349206349,0.5714285714285714,0.30158730158730157,0.0,0.031746031746031744,0.0,0.0,0.0,0.0
11040N2_ddec.cif,344.50336577434973,0.043478260869565216,0.08695652173913043,0.6086956521739131,0.2608695652173913,0.0,0.0,0.0,0.0,0.0,0.0
12000N2_ddec.cif,741.1023105794659,0.0,0.08333333333333333,0.5,0.3333333333333333,0.0,0.08333333333333333,0.0,0.0,0.0,0.0
12001N2_ddec.cif,848.4612290294345,0.0,0.06666666666666667,0.4666666666666667,0.4,0.0,0.06666666666666667,0.0,0.0,0.0,0.0
12010N2_ddec.cif,598.505263263236,0.0392156862745098,0.0784313725490196,0.5490196078431373,0.29411764705882354,0.0,0.0392156862745098,0.0,0.0,0.0,0.0
12011N2_ddec.cif,639.6714196712348,0.039603960396039604,0.07920792079207921,0.5544554455445545,0.27722772277227725,0.0,0.039603960396039604,0.0,0.0,0.0,0.009900990099009901
12012N2_ddec.cif,641.1875824848518,0.039603960396039604,0.07920792079207921,0.5544554455445545,0.27722772277227725,0.0,0.039603960396039604,0.0,0.0,0.0,0.009900990099009901
12020N2_ddec.cif,747.6625846801393,0.03669724770642202,0.07339449541284404,0.5871559633027523,0.22018348623853212,0.0,0.07339449541284404,0.0,0.0,0.0,0.009174311926605505
12022N2_ddec.cif,521.6055352846575,0.03669724770642202,0.07339449541284404,0.5871559633027523,0.22018348623853212,0.0,0.07339449541284404,0.0,0.0,0.0,0.009174311926605505
12023N2_ddec.cif,576.8120965066661,0.026845637583892617,0.10738255033557047,0.5637583892617449,0.21476510067114093,0.0,0.08053691275167785,0.0,0.0,0.0,0.006711409395973154
12024N2_ddec.cif,463.048859547114,0.031007751937984496,0.06201550387596899,0.5891472868217055,0.24806201550387597,0.0,0.06201550387596899,0.0,0.0,0.0,0.007751937984496124
12030N2_ddec.cif,721.9460453983645,0.06060606060606061,0.12121212121212122,0.5454545454545454,0.18181818181818182,0.0,0.06060606060606061,0.030303030303030304,0.0,0.0,0.0
12040N2_ddec.cif,643.5066899099926,0.05263157894736842,0.10526315789473684,0.5263157894736842,0.3157894736842105,0.0,0.0,0.0,0.0,0.0,0.0
12050N2_ddec.cif,832.5241229221701,0.0625,0.0,0.5,0.375,0.0,0.0625,0.0,0.0,0.0,0.0
12060N2_ddec.cif,818.4877175819538,0.04938271604938271,0.09876543209876543,0.5432098765432098,0.19753086419753085,0.0,0.09876543209876543,0.0,0.0,0.0,0.012345679012345678
12061N2_ddec.cif,819.3055699818249,0.04938271604938271,0.09876543209876543,0.5432098765432098,0.19753086419753085,0.0,0.09876543209876543,0.0,0.0,0.0,0.012345679012345678
12062N2_ddec.cif,839.4647119423718,0.04938271604938271,0.09876543209876543,0.5432098765432098,0.19753086419753085,0.0,0.09876543209876543,0.0,0.0,0.0,0.012345679012345678
13000N2_ddec.cif,1580.577158511439,0.0,0.0,0.5714285714285714,0.0,0.0,0.14285714285714285,0.0,0.0,0.2857142857142857,0.0
13010N2_ddec.cif,579.1209736927893,0.03571428571428571,0.07142857142857142,0.6071428571428571,0.2857142857142857,0.0,0.0,0.0,0.0,0.0,0.0
13011N2_ddec.cif,506.3740376395071,0.02857142857142857,0.05714285714285714,0.6285714285714286,0.2857142857142857,0.0,0.0,0.0,0.0,0.0,0.0
13012N2_ddec.cif,470.364621264556,0.030303030303030304,0.06060606060606061,0.6060606060606061,0.30303030303030304,0.0,0.0,0.0,0.0,0.0,0.0
13020N2_ddec.cif,273.997541325938,0.057692307692307696,0.11538461538461539,0.5576923076923077,0.2692307692307692,0.0,0.0,0.0,0.0,0.0,0.0
13030N2_ddec.cif,1448.0137905860847,0.0,0.0,0.6,0.2,0.0,0.2,0.0,0.0,0.0,0.0
13040N3_ddec.cif,1012.5831349657851,0.0,0.0,0.5698924731182796,0.3870967741935484,0.0,0.043010752688172046,0.0,0.0,0.0,0.0
13050N2_ddec.cif,644.5764817150317,0.0,0.1111111111111111,0.5555555555555556,0.2777777777777778,0.0,0.05555555555555555,0.0,0.0,0.0,0.0
13060N2_ddec.cif,669.1791482778345,0.0,0.0,0.5945945945945946,0.35135135135135137,0.0,0.05405405405405406,0.0,0.0,0.0,0.0
13070N2_ddec.cif,705.9054525502447,0.0,0.15789473684210525,0.47368421052631576,0.2631578947368421,0.0,0.10526315789473684,0.0,0.0,0.0,0.0
13071N2_ddec.cif,605.2015013137313,0.0,0.05,0.5,0.4,0.0,0.05,0.0,0.0,0.0,0.0
13072N2_ddec.cif,598.1818247123351,0.0,0.05263157894736842,0.47368421052631576,0.3684210526315789,0.0,0.10526315789473684,0.0,0.0,0.0,0.0
13073N2_ddec.cif,711.6166037006766,0.0,0.15789473684210525,0.47368421052631576,0.2631578947368421,0.0,0.10526315789473684,0.0,0.0,0.0,0.0
13074N2_ddec.cif,671.6578467540328,0.0,0.09523809523809523,0.47619047619047616,0.38095238095238093,0.0,0.047619047619047616,0.0,0.0,0.0,0.0
13075N2_ddec.cif,843.3049954597537,0.0,0.08333333333333333,0.5,0.25,0.0,0.08333333333333333,0.0,0.0,0.08333333333333333,0.0
13076N2_ddec.cif,973.678975263511,0.0,0.08333333333333333,0.5,0.16666666666666666,0.0,0.08333333333333333,0.0,0.0,0.16666666666666666,0.0
13077N2_ddec.cif,878.2304851647255,0.0,0.15384615384615385,0.46153846153846156,0.2692307692307692,0.0,0.11538461538461539,0.0,0.0,0.0,0.0
13078N2_ddec.cif,923.7637987821721,0.0,0.17857142857142858,0.42857142857142855,0.2857142857142857,0.0,0.07142857142857142,0.03571428571428571,0.0,0.0,0.0
13080N2_ddec.cif,797.1442649846446,0.0,0.0,0.6666666666666666,0.23809523809523808,0.0,0.09523809523809523,0.0,0.0,0.0,0.0
13090N2_ddec.cif,577.5082836650929,0.0625,0.125,0.5625,0.1875,0.0,0.0,0.0625,0.0,0.0,0.0
13100N2_ddec.cif,482.25693871428894,0.0,0.0,0.5957446808510638,0.3617021276595745,0.0,0.0425531914893617,0.0,0.0,0.0,0.0
13110N2_ddec.cif,740.9371934974962,0.0,0.043010752688172046,0.5591397849462365,0.3010752688172043,0.0,0.08602150537634409,0.0,0.0,0.0,0.010752688172043012
13120N2_ddec.cif,661.1749881244302,0.0,0.0,0.582089552238806,0.3582089552238806,0.0,0.05970149253731343,0.0,0.0,0.0,0.0
13121N2_ddec.cif,526.655991056353,0.0,0.0,0.5876288659793815,0.3711340206185567,0.0,0.041237113402061855,0.0,0.0,0.0,0.0
13122N2_ddec.cif,402.5852174035301,0.0,0.0,0.6,0.3923076923076923,0.0,0.007692307692307693,0.0,0.0,0.0,0.0
13123N2_ddec.cif,616.948939552543,0.0,0.0,0.57,0.3,0.0,0.1,0.03,0.0,0.0,0.0
13130N2_ddec.cif,377.99636685559636,0.030303030303030304,0.12121212121212122,0.5757575757575758,0.24242424242424243,0.0,0.030303030303030304,0.0,0.0,0.0,0.0
13140N2_ddec.cif,1132.1644036223831,0.18181818181818182,0.18181818181818182,0.36363636363636365,0.18181818181818182,0.0,0.0,0.09090909090909091,0.0,0.0,0.0
13141N2_ddec.cif,818.4326091043419,0.1111111111111111,0.1111111111111111,0.4444444444444444,0.2222222222222222,0.0,0.0,0.1111111111111111,0.0,0.0,0.0
13142N2_ddec.cif,1011.7880809125259,0.14285714285714285,0.14285714285714285,0.42857142857142855,0.14285714285714285,0.0,0.0,0.14285714285714285,0.0,0.0,0.0
13150N2_ddec.cif,553.3779516270189,0.0,0.058823529411764705,0.5294117647058824,0.35294117647058826,0.0,0.058823529411764705,0.0,0.0,0.0,0.0
13160N2_ddec.cif,498.72814370770686,0.0,0.0,0.5714285714285714,0.34285714285714286,0.0,0.0761904761904762,0.0,0.0,0.0,0.009523809523809525
13161N2_ddec.cif,421.1309171966766,0.0,0.0,0.5714285714285714,0.26666666666666666,0.0,0.0761904761904762,0.0,0.0,0.0761904761904762,0.009523809523809525
13170N2_ddec.cif,596.8683495261597,0.022988505747126436,0.04597701149425287,0.5517241379310345,0.28735632183908044,0.0,0.09195402298850575,0.0,0.0,0.0,0.0
13180N3_ddec.cif,1036.8033613594962,0.0,0.08163265306122448,0.5102040816326531,0.32653061224489793,0.0,0.08163265306122448,0.0,0.0,0.0,0.0
13181N3_ddec.cif,938.0614687729349,0.0,0.08163265306122448,0.4897959183673469,0.32653061224489793,0.02040816326530612,0.08163265306122448,0.0,0.0,0.0,0.0
13182N3_ddec.cif,1057.8164077833987,0.0,0.05714285714285714,0.4857142857142857,0.4,0.0,0.05714285714285714,0.0,0.0,0.0,0.0
13190N2_ddec.cif,884.3962795826319,0.0,0.041666666666666664,0.5,0.4166666666666667,0.0,0.041666666666666664,0.0,0.0,0.0,0.0
13191N2_ddec.cif,576.395489494332,0.0,0.034482758620689655,0.5172413793103449,0.41379310344827586,0.0,0.034482758620689655,0.0,0.0,0.0,0.0
14000N2_ddec.cif,794.461178236718,0.0,0.0,0.5,0.3333333333333333,0.0,0.16666666666666666,0.0,0.0,0.0,0.0
14010N2_ddec.cif,703.9437377892472,0.0,0.0,0.5967741935483871,0.3387096774193548,0.0,0.03225806451612903,0.03225806451612903,0.0,0.0,0.0
14020N2_ddec.cif,470.2876743927517,0.0,0.0,0.5675675675675675,0.3783783783783784,0.0,0.05405405405405406,0.0,0.0,0.0,0.0
14030N2_ddec.cif,413.7884874967164,0.02564102564102564,0.05128205128205128,0.5641025641025641,0.3076923076923077,0.0,0.05128205128205128,0.0,0.0,0.0,0.0
14040N2_ddec.cif,434.09161437678324,0.0,0.06451612903225806,0.4838709677419355,0.3870967741935484,0.0,0.06451612903225806,0.0,0.0,0.0,0.0
14050N3_ddec.cif,393.4810180560052,0.0,0.0,0.5652173913043478,0.43478260869565216,0.0,0.0,0.0,0.0,0.0,0.0
14051N3_ddec.cif,489.078366468525,0.0,0.08,0.44,0.4,0.0,0.08,0.0,0.0,0.0,0.0
14060N2_ddec.cif,566.7931640959288,0.0,0.0,0.5609756097560976,0.34146341463414637,0.0,0.04878048780487805,0.04878048780487805,0.0,0.0,0.0
14070N2_ddec.cif,466.21199467964897,0.0,0.0,0.5818181818181818,0.34545454545454546,0.0,0.07272727272727272,0.0,0.0,0.0,0.0
14071N2_ddec.cif,513.816302129314,0.0,0.0,0.5818181818181818,0.34545454545454546,0.0,0.07272727272727272,0.0,0.0,0.0,0.0
14072N2_ddec.cif,429.6919060348103,0.0,0.04081632653061224,0.5714285714285714,0.3469387755102041,0.0,0.04081632653061224,0.0,0.0,0.0,0.0
14073N2_ddec.cif,493.0455874070645,0.0,0.04081632653061224,0.5714285714285714,0.3469387755102041,0.0,0.04081632653061224,0.0,0.0,0.0,0.0
14080N2_ddec.cif,363.6748296489566,0.045454545454545456,0.09090909090909091,0.5454545454545454,0.2727272727272727,0.0,0.045454545454545456,0.0,0.0,0.0,0.0
14090N2_ddec.cif,490.2217098962578,0.0,0.05555555555555555,0.5,0.3333333333333333,0.0,0.1111111111111111,0.0,0.0,0.0,0.0
14091N2_ddec.cif,480.04770025877053,0.0,0.05454545454545454,0.5454545454545454,0.34545454545454546,0.0,0.05454545454545454,0.0,0.0,0.0,0.0
15000N2_ddec.cif,1610.7018276727147,0.0,0.0,0.6666666666666666,0.0,0.0,0.3333333333333333,0.0,0.0,0.0,0.0
15010N2_ddec.cif,514.8015680679351,0.0,0.0,0.6101694915254238,0.3559322033898305,0.0,0.03389830508474576,0.0,0.0,0.0,0.0
15020N2_ddec.cif,425.59933277591455,0.0,0.03278688524590164,0.5245901639344263,0.3442622950819672,0.0,0.09836065573770492,0.0,0.0,0.0,0.0
15021N2_ddec.cif,492.02092323812593,0.0,0.07017543859649122,0.5263157894736842,0.2982456140350877,0.0,0.10526315789473684,0.0,0.0,0.0,0.0
15030N2_ddec.cif,555.4451368903248,0.03571428571428571,0.03571428571428571,0.5357142857142857,0.35714285714285715,0.0,0.03571428571428571,0.0,0.0,0.0,0.0
15031N2_ddec.cif,463.3848340991926,0.02702702702702703,0.05405405405405406,0.5675675675675675,0.32432432432432434,0.0,0.02702702702702703,0.0,0.0,0.0,0.0
15040N2_ddec.cif,707.7326477289627,0.0,0.0,0.5789473684210527,0.3684210526315789,0.0,0.05263157894736842,0.0,0.0,0.0,0.0
15050N2_ddec.cif,1044.1562707391874,0.0,0.14285714285714285,0.42857142857142855,0.2857142857142857,0.0,0.14285714285714285,0.0,0.0,0.0,0.0
15060N2_ddec.cif,668.2319708938052,0.0,0.0,0.5357142857142857,0.35714285714285715,0.0,0.10714285714285714,0.0,0.0,0.0,0.0
15061N2_ddec.cif,558.732947316586,0.0,0.0,0.5666666666666667,0.3333333333333333,0.0,0.1,0.0,0.0,0.0,0.0
15070N2_ddec.cif,439.0567918288186,0.0,0.045454545454545456,0.5454545454545454,0.36363636363636365,0.0,0.045454545454545456,0.0,0.0,0.0,0.0
15071N2_ddec.cif,452.9904710355154,0.0,0.045454545454545456,0.5454545454545454,0.36363636363636365,0.0,0.045454545454545456,0.0,0.0,0.0,0.0
15072N2_ddec.cif,612.7678428397282,0.0,0.03571428571428571,0.5357142857142857,0.35714285714285715,0.0,0.07142857142857142,0.0,0.0,0.0,0.0
15080N2_ddec.cif,643.0740961342219,0.03076923076923077,0.09230769230769231,0.49230769230769234,0.35384615384615387,0.0,0.03076923076923077,0.0,0.0,0.0,0.0
15081N2_ddec.cif,586.6112640636815,0.0,0.03636363636363636,0.5454545454545454,0.34545454545454546,0.0,0.07272727272727272,0.0,0.0,0.0,0.0
15090N2_ddec.cif,544.3468831363607,0.0,0.03636363636363636,0.5454545454545454,0.34545454545454546,0.0,0.07272727272727272,0.0,0.0,0.0,0.0
15091N2_ddec.cif,660.0420193843727,0.0,0.03225806451612903,0.5161290322580645,0.3870967741935484,0.0,0.06451612903225806,0.0,0.0,0.0,0.0
15100N2_ddec.cif,414.86204407711676,0.0,0.08,0.56,0.28,0.0,0.08,0.0,0.0,0.0,0.0
15101N2_ddec.cif,714.3084688698003,0.0,0.1875,0.5,0.1875,0.0,0.125,0.0,0.0,0.0,0.0
15110N2_ddec.cif,489.61644045276637,0.05555555555555555,0.1111111111111111,0.6111111111111112,0.2222222222222222,0.0,0.0,0.0,0.0,0.0,0.0
15111N2_ddec.cif,493.9068310371986,0.03333333333333333,0.06666666666666667,0.6333333333333333,0.26666666666666666,0.0,0.0,0.0,0.0,0.0,0.0
15131N2_ddec.cif,418.8524023323536,0.05,0.1,0.65,0.2,0.0,0.0,0.0,0.0,0.0,0.0
15140N2_ddec.cif,376.73271683229603,0.0,0.0,0.5454545454545454,0.4090909090909091,0.0,0.045454545454545456,0.0,0.0,0.0,0.0
15150N2_ddec.cif,544.6362068331179,0.0,0.03333333333333333,0.5666666666666667,0.3333333333333333,0.0,0.06666666666666667,0.0,0.0,0.0,0.0
15160N2_ddec.cif,820.1269776815375,0.0,0.02631578947368421,0.4473684210526316,0.5,0.0,0.02631578947368421,0.0,0.0,0.0,0.0
15161N2_ddec.cif,513.480475089043,0.0,0.0,0.48936170212765956,0.48936170212765956,0.0,0.02127659574468085,0.0,0.0,0.0,0.0
15162N2_ddec.cif,853.900904952553,0.0,0.05,0.55,0.35,0.0,0.05,0.0,0.0,0.0,0.0
15163N2_ddec.cif,531.4305640699658,0.0,0.0,0.5862068965517241,0.3793103448275862,0.0,0.034482758620689655,0.0,0.0,0.0,0.0
15170N2_ddec.cif,813.559797232808,0.0,0.0,0.6296296296296297,0.3333333333333333,0.0,0.037037037037037035,0.0,0.0,0.0,0.0
15171N2_ddec.cif,715.9265142517929,0.0,0.0,0.5789473684210527,0.3684210526315789,0.0,0.05263157894736842,0.0,0.0,0.0,0.0
15180N2_ddec.cif,611.4330484873597,0.026845637583892617,0.10738255033557047,0.5637583892617449,0.21476510067114093,0.0,0.08053691275167785,0.0,0.0,0.0,0.006711409395973154
15181N2_ddec.cif,534.4323677411412,0.022598870056497175,0.0903954802259887,0.5875706214689266,0.22598870056497175,0.0,0.06779661016949153,0.0,0.0,0.0,0.005649717514124294
15182N2_ddec.cif,509.54014779665255,0.029197080291970802,0.11678832116788321,0.5547445255474452,0.20437956204379562,0.0,0.08759124087591241,0.0,0.0,0.0,0.0072992700729927005
15183N2_ddec.cif,578.7453677766366,0.026845637583892617,0.10738255033557047,0.5637583892617449,0.21476510067114093,0.0,0.08053691275167785,0.0,0.0,0.0,0.006711409395973154
15184N2_ddec.cif,534.6159261511705,0.022598870056497175,0.0903954802259887,0.5875706214689266,0.22598870056497175,0.0,0.06779661016949153,0.0,0.0,0.0,0.005649717514124294
15185N2_ddec.cif,569.6789962882098,0.029197080291970802,0.11678832116788321,0.5547445255474452,0.20437956204379562,0.0,0.08759124087591241,0.0,0.0,0.0,0.0072992700729927005
15186N2_ddec.cif,379.96861016585143,0.03333333333333333,0.13333333333333333,0.5666666666666667,0.23333333333333334,0.0,0.03333333333333333,0.0,0.0,0.0,0.0
15190N2_ddec.cif,1100.2937606844498,0.0,0.16666666666666666,0.5,0.16666666666666666,0.0,0.16666666666666666,0.0,0.0,0.0,0.0
15200N3_ddec.cif,573.0329095391484,0.0,0.13793103448275862,0.5172413793103449,0.27586206896551724,0.0,0.06896551724137931,0.0,0.0,0.0,0.0
15210N2_ddec.cif,583.7209588339128,0.0625,0.125,0.5625,0.25,0.0,0.0,0.0,0.0,0.0,0.0
15211N2_ddec.cif,348.66869191468163,0.0625,0.125,0.5625,0.25,0.0,0.0,0.0,0.0,0.0,0.0
15220N2_ddec.cif,733.9183349739244,0.0,0.0,0.5882352941176471,0.29411764705882354,0.0,0.11764705882352941,0.0,0.0,0.0,0.0
15240N2_ddec.cif,489.91848096711993,0.0,0.0,0.5185185185185185,0.4074074074074074,0.0,0.07407407407407407,0.0,0.0,0.0,0.0
15242N2_ddec.cif,788.1671209642817,0.0,0.0,0.5121951219512195,0.4146341463414634,0.0,0.07317073170731707,0.0,0.0,0.0,0.0
15250N2_ddec.cif,422.4802426595392,0.0,0.0,0.5625,0.375,0.0,0.0625,0.0,0.0,0.0,0.0
15251N2_ddec.cif,423.95938059304245,0.0,0.0,0.5531914893617021,0.3617021276595745,0.0,0.0851063829787234,0.0,0.0,0.0,0.0
15252N2_ddec.cif,457.9016489743882,0.0,0.0,0.5434782608695652,0.34782608695652173,0.0,0.10869565217391304,0.0,0.0,0.0,0.0
15253N2_ddec.cif,499.10159721869076,0.0,0.0,0.5333333333333333,0.3333333333333333,0.0,0.13333333333333333,0.0,0.0,0.0,0.0
16000N2_ddec.cif,444.5616187073478,0.04,0.08,0.64,0.24,0.0,0.0,0.0,0.0,0.0,0.0
16001N2_ddec.cif,393.675014214948,0.037037037037037035,0.07407407407407407,0.6666666666666666,0.2222222222222222,0.0,0.0,0.0,0.0,0.0,0.0
16002N2_ddec.cif,417.34979676075653,0.038461538461538464,0.07692307692307693,0.6538461538461539,0.23076923076923078,0.0,0.0,0.0,0.0,0.0,0.0
16010N2_ddec.cif,806.2212606640369,0.1,0.1,0.5,0.2,0.0,0.1,0.0,0.0,0.0,0.0
16011N2_ddec.cif,466.8808424806319,0.05,0.05,0.55,0.3,0.0,0.05,0.0,0.0,0.0,0.0
16020N2_ddec.cif,720.9990276378102,0.0,0.15,0.4,0.35,0.0,0.1,0.0,0.0,0.0,0.0
16030N2_ddec.cif,441.7353282113721,0.0,0.0,0.5555555555555556,0.35555555555555557,0.0,0.08888888888888889,0.0,0.0,0.0,0.0
16031N2_ddec.cif,458.82590287820886,0.0,0.0,0.5087719298245614,0.40350877192982454,0.0,0.08771929824561403,0.0,0.0,0.0,0.0
16032N2_ddec.cif,529.4259788738882,0.0,0.03389830508474576,0.4915254237288136,0.3898305084745763,0.0,0.0847457627118644,0.0,0.0,0.0,0.0
16040N2_ddec.cif,836.1538918155248,0.0,0.0,0.5833333333333334,0.3611111111111111,0.0,0.05555555555555555,0.0,0.0,0.0,0.0
16041N2_ddec.cif,706.8352298510607,0.0,0.0,0.5689655172413793,0.3793103448275862,0.0,0.05172413793103448,0.0,0.0,0.0,0.0
16050N2_ddec.cif,810.6431240071156,0.042105263157894736,0.08421052631578947,0.5473684210526316,0.21052631578947367,0.0,0.10526315789473684,0.0,0.0,0.0,0.010526315789473684
16051N2_ddec.cif,614.4663528003297,0.061855670103092786,0.12371134020618557,0.5567010309278351,0.2268041237113402,0.0,0.020618556701030927,0.010309278350515464,0.0,0.0,0.0
16052N2_ddec.cif,587.6230059198718,0.04819277108433735,0.0963855421686747,0.5943775100401606,0.24899598393574296,0.0,0.008032128514056224,0.004016064257028112,0.0,0.0,0.0
16053N2_ddec.cif,573.4514157535731,0.04838709677419355,0.0967741935483871,0.5967741935483871,0.25806451612903225,0.0,0.0,0.0,0.0,0.0,0.0
16054N2_ddec.cif,651.6583972918021,0.06153846153846154,0.12307692307692308,0.5538461538461539,0.2153846153846154,0.0,0.03076923076923077,0.015384615384615385,0.0,0.0,0.0
16055N2_ddec.cif,567.5133188089037,0.05454545454545454,0.10909090909090909,0.5818181818181818,0.2545454545454545,0.0,0.0,0.0,0.0,0.0,0.0
16056N2_ddec.cif,569.8341692465145,0.05454545454545454,0.10909090909090909,0.5636363636363636,0.2545454545454545,0.0,0.0,0.01818181818181818,0.0,0.0,0.0
16057N2_ddec.cif,612.7308236559758,0.06217616580310881,0.12435233160621761,0.5595854922279793,0.19689119170984457,0.0,0.010362694300518135,0.046632124352331605,0.0,0.0,0.0
16058N2_ddec.cif,621.3149779000895,0.057692307692307696,0.11538461538461539,0.5576923076923077,0.21153846153846154,0.0,0.038461538461538464,0.019230769230769232,0.0,0.0,0.0
16060N2_ddec.cif,519.7086077354774,0.0,0.03361344537815126,0.5126050420168067,0.42016806722689076,0.0,0.03361344537815126,0.0,0.0,0.0,0.0
16061N2_ddec.cif,117.9733418774836,0.0,0.025157232704402517,0.5345911949685535,0.41509433962264153,0.0,0.025157232704402517,0.0,0.0,0.0,0.0
16070N2_ddec.cif,617.7979353434148,0.0,0.13043478260869565,0.391304347826087,0.391304347826087,0.0,0.08695652173913043,0.0,0.0,0.0,0.0
16080N2_ddec.cif,491.8906382307939,0.0,0.0,0.5606060606060606,0.36363636363636365,0.0,0.07575757575757576,0.0,0.0,0.0,0.0
16110N3_ddec.cif,176.97048057359746,0.04878048780487805,0.04878048780487805,0.4634146341463415,0.3902439024390244,0.0,0.04878048780487805,0.0,0.0,0.0,0.0
16111N3_ddec.cif,193.17606808219102,0.04878048780487805,0.04878048780487805,0.4634146341463415,0.3902439024390244,0.0,0.04878048780487805,0.0,0.0,0.0,0.0
16112N3_ddec.cif,189.80634334704217,0.04878048780487805,0.04878048780487805,0.4634146341463415,0.34146341463414637,0.0,0.04878048780487805,0.0,0.0,0.04878048780487805,0.0
16113N3_ddec.cif,215.55918519731424,0.04878048780487805,0.04878048780487805,0.4634146341463415,0.34146341463414637,0.0,0.04878048780487805,0.0,0.0,0.04878048780487805,0.0
16120N2_ddec.cif,761.3167272149033,0.0,0.08695652173913043,0.4782608695652174,0.30434782608695654,0.0,0.13043478260869565,0.0,0.0,0.0,0.0
16121N2_ddec.cif,888.6080890474353,0.0,0.11864406779661017,0.4610169491525424,0.2983050847457627,0.0,0.10847457627118644,0.013559322033898305,0.0,0.0,0.0
16130N3_ddec.cif,144.58793123561367,0.04240282685512368,0.08480565371024736,0.6042402826855123,0.254416961130742,0.0,0.0,0.0,0.0,0.0,0.014134275618374558
16140N2_ddec.cif,533.7242786473574,0.0,0.05128205128205128,0.5384615384615384,0.358974358974359,0.0,0.05128205128205128,0.0,0.0,0.0,0.0
16141N2_ddec.cif,428.4823068317307,0.0,0.045454545454545456,0.5454545454545454,0.36363636363636365,0.0,0.045454545454545456,0.0,0.0,0.0,0.0
16142N2_ddec.cif,388.7374558765142,0.0,0.0,0.5714285714285714,0.38095238095238093,0.0,0.047619047619047616,0.0,0.0,0.0,0.0
16150N2_ddec.cif,494.71660474380883,0.0,0.05555555555555555,0.5555555555555556,0.3333333333333333,0.0,0.05555555555555555,0.0,0.0,0.0,0.0
16160N2_ddec.cif,740.6643000985359,0.0,0.0625,0.5625,0.25,0.0,0.125,0.0,0.0,0.0,0.0
16170N2_ddec.cif,541.3540657584244,0.0,0.0,0.5957446808510638,0.3617021276595745,0.0,0.0425531914893617,0.0,0.0,0.0,0.0
16171N2_ddec.cif,639.6851435372057,0.0,0.0,0.5957446808510638,0.2765957446808511,0.0,0.0425531914893617,0.0,0.0,0.0851063829787234,0.0
16172N2_ddec.cif,411.42886128255236,0.0,0.0,0.6101694915254238,0.3559322033898305,0.0,0.03389830508474576,0.0,0.0,0.0,0.0
16173N2_ddec.cif,370.1536771863957,0.0,0.0,0.6111111111111112,0.3194444444444444,0.0,0.05555555555555555,0.013888888888888888,0.0,0.0,0.0
16174N2_ddec.cif,371.68663648031577,0.0,0.02531645569620253,0.5822784810126582,0.3670886075949367,0.0,0.02531645569620253,0.0,0.0,0.0,0.0
16190N2_ddec.cif,727.6429317226665,0.0,0.0,0.5660377358490566,0.36792452830188677,0.0,0.0660377358490566,0.0,0.0,0.0,0.0
16191N2_ddec.cif,699.7983773675168,0.0,0.0,0.5735294117647058,0.375,0.0,0.051470588235294115,0.0,0.0,0.0,0.0
16200N2_ddec.cif,878.8846034055183,0.0,0.25,0.375,0.25,0.0,0.0625,0.0625,0.0,0.0,0.0
16201N2_ddec.cif,914.6431130531407,0.0,0.17857142857142858,0.42857142857142855,0.2857142857142857,0.0,0.07142857142857142,0.03571428571428571,0.0,0.0,0.0
16210N2_ddec.cif,719.377738709481,0.0,0.1111111111111111,0.5555555555555556,0.2222222222222222,0.0,0.1111111111111111,0.0,0.0,0.0,0.0
16211N2_ddec.cif,774.8498488881224,0.0,0.15789473684210525,0.5263157894736842,0.21052631578947367,0.0,0.10526315789473684,0.0,0.0,0.0,0.0
16230N2_ddec.cif,844.9782555140382,0.0,0.05263157894736842,0.5263157894736842,0.3157894736842105,0.0,0.10526315789473684,0.0,0.0,0.0,0.0
16250N3_ddec.cif,146.64594601002037,0.0,0.0,0.6,0.3652173913043478,0.0,0.034782608695652174,0.0,0.0,0.0,0.0
16251N3_ddec.cif,294.39926833151446,0.0,0.0,0.6,0.3652173913043478,0.0,0.034782608695652174,0.0,0.0,0.0,0.0
16260N2_ddec.cif,1030.7020836409843,0.0,0.0625,0.375,0.46875,0.0,0.0625,0.03125,0.0,0.0,0.0
16271N2_ddec.cif,456.3337014732486,0.0,0.0,0.574468085106383,0.3829787234042553,0.0,0.0425531914893617,0.0,0.0,0.0,0.0
16272N2_ddec.cif,375.0220146925806,0.0,0.0,0.5789473684210527,0.38596491228070173,0.0,0.03508771929824561,0.0,0.0,0.0,0.0
16273N2_ddec.cif,494.6265874185019,0.0,0.0,0.5675675675675675,0.32432432432432434,0.0,0.05405405405405406,0.05405405405405406,0.0,0.0,0.0
16290N3_ddec.cif,1066.6894232151215,0.0,0.0,0.5757575757575758,0.36363636363636365,0.0,0.06060606060606061,0.0,0.0,0.0,0.0
16310N2_ddec.cif,841.4148337359785,0.0,0.025,0.5625,0.3625,0.0,0.05,0.0,0.0,0.0,0.0
16311N2_ddec.cif,879.1106465871621,0.0,0.02564102564102564,0.5512820512820513,0.34615384615384615,0.0,0.07692307692307693,0.0,0.0,0.0,0.0
16312N2_ddec.cif,543.9527371041637,0.0,0.018518518518518517,0.5555555555555556,0.35185185185185186,0.0,0.07407407407407407,0.0,0.0,0.0,0.0
16330N2_ddec.cif,468.6687759373582,0.0,0.0,0.5625,0.375,0.0,0.0625,0.0,0.0,0.0,0.0
16331N2_ddec.cif,414.6651319292304,0.0,0.0,0.55,0.35,0.0,0.1,0.0,0.0,0.0,0.0
16332N3_ddec.cif,284.8237140106499,0.0,0.13793103448275862,0.5172413793103449,0.27586206896551724,0.0,0.06896551724137931,0.0,0.0,0.0,0.0
16340N2_ddec.cif,767.0236889937115,0.0,0.04878048780487805,0.5365853658536586,0.3170731707317073,0.0,0.0975609756097561,0.0,0.0,0.0,0.0
16350N2_ddec.cif,509.8543559996933,0.05263157894736842,0.10526315789473684,0.5789473684210527,0.21052631578947367,0.0,0.0,0.05263157894736842,0.0,0.0,0.0
16351N2_ddec.cif,614.2899492579285,0.038461538461538464,0.11538461538461539,0.5,0.3076923076923077,0.0,0.0,0.038461538461538464,0.0,0.0,0.0
16360N2_ddec.cif,544.1105231346397,0.0,0.06896551724137931,0.5172413793103449,0.3103448275862069,0.0,0.10344827586206896,0.0,0.0,0.0,0.0
16361N2_ddec.cif,383.3391056856188,0.0,0.047619047619047616,0.5238095238095238,0.3333333333333333,0.0,0.09523809523809523,0.0,0.0,0.0,0.0
16370N2_ddec.cif,1094.2593624200533,0.0,0.0,0.5,0.25,0.0,0.25,0.0,0.0,0.0,0.0
16371N2_ddec.cif,1370.5088511378408,0.0,0.0,0.6,0.3,0.0,0.1,0.0,0.0,0.0,0.0
16380N2_ddec.cif,319.6302012645666,0.0,0.0,0.5384615384615384,0.34615384615384615,0.0,0.11538461538461539,0.0,0.0,0.0,0.0
16390N2_ddec.cif,647.4663441232514,0.0,0.0,0.5882352941176471,0.3333333333333333,0.0,0.0392156862745098,0.0392156862745098,0.0,0.0,0.0
16400N2_ddec.cif,478.50451574896664,0.05714285714285714,0.11428571428571428,0.5428571428571428,0.2857142857142857,0.0,0.0,0.0,0.0,0.0,0.0
16420N2_ddec.cif,742.7510327351665,0.0,0.08333333333333333,0.4583333333333333,0.375,0.0,0.08333333333333333,0.0,0.0,0.0,0.0
16430N2_ddec.cif,776.3092858305623,0.0,0.034482758620689655,0.4482758620689655,0.4827586206896552,0.0,0.034482758620689655,0.0,0.0,0.0,0.0
16440N2_ddec.cif,470.813286294805,0.0,0.04,0.52,0.4,0.0,0.04,0.0,0.0,0.0,0.0
16450N2_ddec.cif,471.8084917211325,0.0,0.0,0.5660377358490566,0.3584905660377358,0.0,0.07547169811320754,0.0,0.0,0.0,0.0
16460N2_ddec.cif,439.8038395706455,0.0,0.047619047619047616,0.5238095238095238,0.3333333333333333,0.0,0.09523809523809523,0.0,0.0,0.0,0.0
16480N2_ddec.cif,582.4754717424889,0.0,0.0,0.5555555555555556,0.3333333333333333,0.0,0.1111111111111111,0.0,0.0,0.0,0.0
16481N2_ddec.cif,604.7348524084047,0.0,0.0,0.5555555555555556,0.3333333333333333,0.0,0.1111111111111111,0.0,0.0,0.0,0.0
16490N2_ddec.cif,818.8016651262668,0.0,0.0,0.375,0.375,0.0,0.1875,0.0,0.0625,0.0,0.0
16500N2_ddec.cif,1035.2202390543466,0.0,0.0,0.5,0.16666666666666666,0.0,0.25,0.08333333333333333,0.0,0.0,0.0
16510N2_ddec.cif,781.1822035526733,0.0,0.0,0.5714285714285714,0.3333333333333333,0.0,0.09523809523809523,0.0,0.0,0.0,0.0
17000N2_ddec.cif,660.1668979277182,0.0,0.05333333333333334,0.6133333333333333,0.28,0.0,0.05333333333333334,0.0,0.0,0.0,0.0
17020N2_ddec.cif,595.3235756381982,0.0,0.0625,0.5,0.3125,0.0,0.125,0.0,0.0,0.0,0.0
17030N2_ddec.cif,435.9613826442985,0.0,0.045454545454545456,0.5454545454545454,0.36363636363636365,0.0,0.045454545454545456,0.0,0.0,0.0,0.0
17040N2_ddec.cif,700.4458420142661,0.0,0.0,0.5945945945945946,0.35135135135135137,0.0,0.05405405405405406,0.0,0.0,0.0,0.0
17050N2_ddec.cif,494.1135333792221,0.0,0.0,0.52,0.4,0.0,0.04,0.04,0.0,0.0,0.0
17060N2_ddec.cif,751.4664209413344,0.0,0.0,0.5779816513761468,0.3577981651376147,0.0,0.06422018348623854,0.0,0.0,0.0,0.0
17061N2_ddec.cif,876.7444540355943,0.0,0.0,0.569620253164557,0.34177215189873417,0.0,0.08860759493670886,0.0,0.0,0.0,0.0
17070N2_ddec.cif,462.745109005852,0.0,0.047619047619047616,0.5238095238095238,0.3333333333333333,0.0,0.09523809523809523,0.0,0.0,0.0,0.0
17091N3_ddec.cif,1112.2060287428756,0.0,0.0,0.550561797752809,0.3595505617977528,0.0,0.0898876404494382,0.0,0.0,0.0,0.0
17100N2_ddec.cif,534.2185992423224,0.0,0.09523809523809523,0.5714285714285714,0.23809523809523808,0.0,0.09523809523809523,0.0,0.0,0.0,0.0
17110N2_ddec.cif,353.2439130479874,0.0,0.029411764705882353,0.47058823529411764,0.47058823529411764,0.0,0.029411764705882353,0.0,0.0,0.0,0.0
17120N2_ddec.cif,1149.0953806387445,0.0,0.0,0.3333333333333333,0.47619047619047616,0.0,0.19047619047619047,0.0,0.0,0.0,0.0
17130N2_ddec.cif,533.8735813839413,0.0,0.0,0.575,0.375,0.0,0.05,0.0,0.0,0.0,0.0
17131N2_ddec.cif,649.8575808306616,0.0,0.0,0.5666666666666667,0.36666666666666664,0.0,0.06666666666666667,0.0,0.0,0.0,0.0
17140N2_ddec.cif,528.6404890413453,0.0,0.0,0.5757575757575758,0.36363636363636365,0.0,0.06060606060606061,0.0,0.0,0.0,0.0
17150N2_ddec.cif,447.45069691682096,0.0,0.04216867469879518,0.5,0.41566265060240964,0.0,0.04216867469879518,0.0,0.0,0.0,0.0
17151N2_ddec.cif,524.4506686478468,0.0,0.05421686746987952,0.5,0.4036144578313253,0.0,0.04216867469879518,0.0,0.0,0.0,0.0
17152N2_ddec.cif,477.5677457607125,0.0,0.05325443786982249,0.4970414201183432,0.40828402366863903,0.0,0.04142011834319527,0.0,0.0,0.0,0.0
17153N2_ddec.cif,504.38435458924425,0.0,0.03932584269662921,0.4887640449438202,0.42696629213483145,0.0,0.0449438202247191,0.0,0.0,0.0,0.0
17154N2_ddec.cif,512.4030718787187,0.0,0.05660377358490566,0.46226415094339623,0.44339622641509435,0.0,0.03773584905660377,0.0,0.0,0.0,0.0
17155N2_ddec.cif,519.4314943552578,0.0,0.07339449541284404,0.45871559633027525,0.43119266055045874,0.0,0.03669724770642202,0.0,0.0,0.0,0.0
17156N2_ddec.cif,878.3513871735952,0.0,0.07142857142857142,0.45535714285714285,0.4375,0.0,0.03571428571428571,0.0,0.0,0.0,0.0
17160N3_ddec.cif,166.70867062710226,0.0,0.0,0.5793650793650794,0.3492063492063492,0.0,0.06349206349206349,0.0,0.0,0.0,0.007936507936507936
17161N3_ddec.cif,333.2038401842121,0.0,0.0,0.5793650793650794,0.3492063492063492,0.0,0.06349206349206349,0.0,0.0,0.0,0.007936507936507936
17162N3_ddec.cif,154.8207280711448,0.0,0.0,0.5905511811023622,0.36220472440944884,0.0,0.047244094488188976,0.0,0.0,0.0,0.0
17163N3_ddec.cif,311.5391702431505,0.0,0.0,0.5905511811023622,0.36220472440944884,0.0,0.047244094488188976,0.0,0.0,0.0,0.0
17170N2_ddec.cif,748.7314222867451,0.0,0.017241379310344827,0.5689655172413793,0.3620689655172414,0.0,0.05172413793103448,0.0,0.0,0.0,0.0
17180N2_ddec.cif,615.1009925595558,0.0,0.022727272727272728,0.5227272727272727,0.36363636363636365,0.0,0.09090909090909091,0.0,0.0,0.0,0.0
17181N2_ddec.cif,571.8424144817448,0.0,0.1,0.4,0.4,0.0,0.1,0.0,0.0,0.0,0.0
17190N2_ddec.cif,530.3245395952246,0.0,0.0,0.569620253164557,0.379746835443038,0.0,0.05063291139240506,0.0,0.0,0.0,0.0
17191N2_ddec.cif,592.4220875223277,0.0,0.0,0.5492957746478874,0.38028169014084506,0.0,0.07042253521126761,0.0,0.0,0.0,0.0
17210N2_ddec.cif,599.2670249493348,0.0,0.037037037037037035,0.5925925925925926,0.2962962962962963,0.0,0.07407407407407407,0.0,0.0,0.0,0.0
17220N2_ddec.cif,573.6597420283103,0.0,0.03125,0.46875,0.4375,0.0,0.03125,0.03125,0.0,0.0,0.0
17230N2_ddec.cif,755.6749688972719,0.0,0.0,0.559322033898305,0.3728813559322034,0.0,0.06779661016949153,0.0,0.0,0.0,0.0
17240N3_ddec.cif,434.18324882162983,0.0,0.0,0.56,0.4,0.0,0.04,0.0,0.0,0.0,0.0
17250N2_ddec.cif,507.86255048813393,0.0,0.0,0.5333333333333333,0.3333333333333333,0.0,0.13333333333333333,0.0,0.0,0.0,0.0
18010N3_ddec.cif,1124.4749561265432,0.0,0.03508771929824561,0.5263157894736842,0.40350877192982454,0.0,0.03508771929824561,0.0,0.0,0.0,0.0
18011N3_ddec.cif,1004.4076267610927,0.0,0.06779661016949153,0.5084745762711864,0.3898305084745763,0.0,0.03389830508474576,0.0,0.0,0.0,0.0
18023N3_ddec.cif,588.8756925973487,0.0,0.0,0.5319148936170213,0.425531914893617,0.0,0.0425531914893617,0.0,0.0,0.0,0.0
18030N2_ddec.cif,748.7636388912958,0.0,0.0,0.5833333333333334,0.375,0.0,0.041666666666666664,0.0,0.0,0.0,0.0
18031N2_ddec.cif,601.9714972994187,0.0,0.02666666666666667,0.5733333333333334,0.37333333333333335,0.0,0.02666666666666667,0.0,0.0,0.0,0.0
18032N2_ddec.cif,671.4640600910515,0.0,0.0,0.5774647887323944,0.39436619718309857,0.0,0.028169014084507043,0.0,0.0,0.0,0.0
18033N2_ddec.cif,580.5669793321133,0.0,0.0,0.5466666666666666,0.4,0.0,0.05333333333333334,0.0,0.0,0.0,0.0
18040N3_ddec.cif,821.1973290911918,0.0,0.041237113402061855,0.5463917525773195,0.3711340206185567,0.0,0.041237113402061855,0.0,0.0,0.0,0.0
18041N3_ddec.cif,1143.1885801922379,0.0,0.11347517730496454,0.48936170212765956,0.36879432624113473,0.0,0.028368794326241134,0.0,0.0,0.0,0.0
18060N2_ddec.cif,655.4638097064918,0.0,0.08,0.4,0.44,0.0,0.08,0.0,0.0,0.0,0.0
18061N2_ddec.cif,711.9684026004619,0.0,0.08695652173913043,0.43478260869565216,0.391304347826087,0.0,0.08695652173913043,0.0,0.0,0.0,0.0
18070N2_ddec.cif,725.5701073766579,0.0,0.045454545454545456,0.5227272727272727,0.38636363636363635,0.0,0.045454545454545456,0.0,0.0,0.0,0.0
18080N2_ddec.cif,461.64023211802635,0.0,0.0,0.5714285714285714,0.34285714285714286,0.0,0.0761904761904762,0.0,0.0,0.0,0.009523809523809525
18083N2_ddec.cif,589.881329720691,0.0,0.03305785123966942,0.5289256198347108,0.36363636363636365,0.0,0.06611570247933884,0.0,0.0,0.0,0.008264462809917356
18090N2_ddec.cif,435.0851579079124,0.030303030303030304,0.06060606060606061,0.6060606060606061,0.30303030303030304,0.0,0.0,0.0,0.0,0.0,0.0
18100N2_ddec.cif,382.2560820057458,0.0,0.05263157894736842,0.5789473684210527,0.3157894736842105,0.0,0.05263157894736842,0.0,0.0,0.0,0.0
18101N2_ddec.cif,451.62844238371906,0.0,0.05555555555555555,0.5555555555555556,0.3333333333333333,0.0,0.05555555555555555,0.0,0.0,0.0,0.0
18110N2_ddec.cif,525.3291353551758,0.0,0.0,0.5957446808510638,0.3617021276595745,0.0,0.0425531914893617,0.0,0.0,0.0,0.0
18111N2_ddec.cif,635.4177364755936,0.0,0.0,0.6222222222222222,0.28888888888888886,0.0,0.044444444444444446,0.044444444444444446,0.0,0.0,0.0
18112N2_ddec.cif,624.4319564076357,0.0,0.044444444444444446,0.6222222222222222,0.28888888888888886,0.0,0.044444444444444446,0.0,0.0,0.0,0.0
18120N3_ddec.cif,1132.0583162607907,0.0,0.0,0.5555555555555556,0.3888888888888889,0.0,0.05555555555555555,0.0,0.0,0.0,0.0
18121N3_ddec.cif,992.754995636291,0.0,0.0,0.5698924731182796,0.3870967741935484,0.0,0.043010752688172046,0.0,0.0,0.0,0.0
18122N3_ddec.cif,939.6951050652052,0.0,0.0,0.5752212389380531,0.3893805309734513,0.0,0.035398230088495575,0.0,0.0,0.0,0.0
18130N3_ddec.cif,741.4415258151589,0.0,0.0,0.5616438356164384,0.3835616438356164,0.0,0.0547945205479452,0.0,0.0,0.0,0.0
18131N3_ddec.cif,1119.5456919113333,0.0,0.0,0.5616438356164384,0.3835616438356164,0.0,0.0547945205479452,0.0,0.0,0.0,0.0
18133N3_ddec.cif,601.1763010925637,0.0,0.0,0.5638297872340425,0.3829787234042553,0.010638297872340425,0.0425531914893617,0.0,0.0,0.0,0.0
18134N3_ddec.cif,581.3348246868374,0.0,0.0,0.5677966101694916,0.3644067796610169,0.0,0.06779661016949153,0.0,0.0,0.0,0.0
18140N2_ddec.cif,425.61315943434204,0.0,0.0,0.5454545454545454,0.4090909090909091,0.0,0.045454545454545456,0.0,0.0,0.0,0.0
18141N2_ddec.cif,494.20689240455437,0.0,0.0,0.5625,0.40625,0.0,0.03125,0.0,0.0,0.0,0.0
18142N3_ddec.cif,139.3617631083489,0.0,0.0,0.5664335664335665,0.3776223776223776,0.0,0.055944055944055944,0.0,0.0,0.0,0.0
18143N3_ddec.cif,109.07458467838565,0.0,0.0,0.5849056603773585,0.37735849056603776,0.0,0.03773584905660377,0.0,0.0,0.0,0.0
18150N2_ddec.cif,880.3394660517033,0.0,0.09230769230769231,0.5538461538461539,0.16923076923076924,0.0,0.09230769230769231,0.0,0.0,0.09230769230769231,0.0
18151N2_ddec.cif,755.5671624976299,0.0,0.0625,0.5625,0.25,0.0,0.0625,0.0,0.0,0.0625,0.0
18161N2_ddec.cif,717.2446283867965,0.0,0.0,0.5769230769230769,0.2692307692307692,0.0,0.11538461538461539,0.038461538461538464,0.0,0.0,0.0
19000N3_ddec.cif,207.17218197339096,0.0,0.0,0.5238095238095238,0.38095238095238093,0.0,0.047619047619047616,0.047619047619047616,0.0,0.0,0.0
19003N3_ddec.cif,280.8178111299087,0.0,0.0,0.5728155339805825,0.34951456310679613,0.0,0.038834951456310676,0.038834951456310676,0.0,0.0,0.0
19010N2_ddec.cif,739.4453218051134,0.0,0.0,0.5967741935483871,0.3387096774193548,0.0,0.06451612903225806,0.0,0.0,0.0,0.0
19020N3_ddec.cif,322.83033787311695,0.0,0.05194805194805195,0.5324675324675324,0.3116883116883117,0.0,0.05194805194805195,0.0,0.0,0.05194805194805195,0.0
19022N3_ddec.cif,367.5306478771969,0.0,0.05194805194805195,0.5324675324675324,0.3116883116883117,0.0,0.05194805194805195,0.0,0.0,0.05194805194805195,0.0
19030N2_ddec.cif,990.6879528348753,0.0,0.0851063829787234,0.44680851063829785,0.3191489361702128,0.0,0.1276595744680851,0.0,0.0,0.02127659574468085,0.0
19041N2_ddec.cif,521.0240273480483,0.0,0.07142857142857142,0.5238095238095238,0.2857142857142857,0.0,0.09523809523809523,0.0,0.0,0.0,0.023809523809523808
19050N2_ddec.cif,381.9153373795964,0.0,0.0,0.5789473684210527,0.2631578947368421,0.0,0.10526315789473684,0.05263157894736842,0.0,0.0,0.0
19051N2_ddec.cif,395.8897314732068,0.0,0.0,0.6,0.25,0.0,0.1,0.05,0.0,0.0,0.0
19060N2_ddec.cif,604.8539930204325,0.0,0.009615384615384616,0.5576923076923077,0.38461538461538464,0.0,0.04807692307692308,0.0,0.0,0.0,0.0
19061N2_ddec.cif,560.0735400788261,0.0,0.009708737864077669,0.5436893203883495,0.4077669902912621,0.0,0.038834951456310676,0.0,0.0,0.0,0.0
19070N2_ddec.cif,455.43902667920037,0.0,0.047619047619047616,0.5238095238095238,0.2857142857142857,0.0,0.14285714285714285,0.0,0.0,0.0,0.0
19080N2_ddec.cif,575.7523928526979,0.0,0.10526315789473684,0.42105263157894735,0.3684210526315789,0.0,0.10526315789473684,0.0,0.0,0.0,0.0
19090N2_ddec.cif,485.8632951389339,0.0,0.05263157894736842,0.5789473684210527,0.2631578947368421,0.0,0.10526315789473684,0.0,0.0,0.0,0.0
19101N2_ddec.cif,784.2676692828664,0.0,0.14285714285714285,0.6428571428571429,0.21428571428571427,0.0,0.0,0.0,0.0,0.0,0.0
19102N2_ddec.cif,600.0703682035331,0.0,0.0,0.631578947368421,0.2631578947368421,0.0,0.10526315789473684,0.0,0.0,0.0,0.0
19110N2_ddec.cif,418.0328669092531,0.0,0.047619047619047616,0.5238095238095238,0.3333333333333333,0.0,0.09523809523809523,0.0,0.0,0.0,0.0
19120N2_ddec.cif,585.3672498597011,0.0,0.125,0.4375,0.3125,0.0,0.125,0.0,0.0,0.0,0.0
19122N2_ddec.cif,642.3585477993956,0.0,0.10526315789473684,0.42105263157894735,0.3684210526315789,0.0,0.10526315789473684,0.0,0.0,0.0,0.0
19130N2_ddec.cif,575.5977904512124,0.0,0.0,0.5964912280701754,0.3333333333333333,0.0,0.07017543859649122,0.0,0.0,0.0,0.0
19140N2_ddec.cif,785.2670385125563,0.0,0.13333333333333333,0.6666666666666666,0.13333333333333333,0.0,0.06666666666666667,0.0,0.0,0.0,0.0
19142N2_ddec.cif,667.5967683855185,0.0,0.15,0.65,0.2,0.0,0.0,0.0,0.0,0.0,0.0
19144N2_ddec.cif,1003.4151368541942,0.0,0.23529411764705882,0.5882352941176471,0.17647058823529413,0.0,0.0,0.0,0.0,0.0,0.0
19150N2_ddec.cif,1389.306719216172,0.0,0.1111111111111111,0.4444444444444444,0.2222222222222222,0.0,0.2222222222222222,0.0,0.0,0.0,0.0
19170N2_ddec.cif,583.7017615057904,0.020833333333333332,0.0625,0.4375,0.4375,0.0,0.020833333333333332,0.020833333333333332,0.0,0.0,0.0
19180N2_ddec.cif,398.69452964606995,0.0,0.047619047619047616,0.5238095238095238,0.3333333333333333,0.0,0.09523809523809523,0.0,0.0,0.0,0.0
19181N2_ddec.cif,471.17180546680703,0.0,0.0625,0.5,0.3125,0.0,0.125,0.0,0.0,0.0,0.0
19182N2_ddec.cif,360.78773660798424,0.0,0.08,0.48,0.32,0.0,0.12,0.0,0.0,0.0,0.0
19190N2_ddec.cif,734.2557928479102,0.0,0.0273972602739726,0.5342465753424658,0.3835616438356164,0.0,0.0273972602739726,0.0,0.0,0.0273972602739726,0.0
19191N2_ddec.cif,862.7659967292651,0.0,0.017543859649122806,0.47368421052631576,0.47368421052631576,0.0,0.017543859649122806,0.0,0.0,0.017543859649122806,0.0
19200N2_ddec.cif,585.1596071243958,0.0,0.0,0.5625,0.375,0.0,0.0625,0.0,0.0,0.0,0.0
19210N2_ddec.cif,404.8041279052713,0.0,0.0,0.5294117647058824,0.39215686274509803,0.0,0.0784313725490196,0.0,0.0,0.0,0.0
19212N2_ddec.cif,417.36841879170686,0.0,0.0,0.5185185185185185,0.4074074074074074,0.0,0.07407407407407407,0.0,0.0,0.0,0.0
19214N2_ddec.cif,457.99307152233126,0.0,0.0,0.5185185185185185,0.35185185185185186,0.0,0.07407407407407407,0.0,0.0,0.05555555555555555,0.0
19220N2_ddec.cif,343.1520258215881,0.0,0.0,0.6,0.36,0.0,0.04,0.0,0.0,0.0,0.0
19230N2_ddec.cif,511.9197528312176,0.0,0.012987012987012988,0.5584415584415584,0.37662337662337664,0.0,0.05194805194805195,0.0,0.0,0.0,0.0
19240N3_ddec.cif,888.6534822818313,0.0,0.0,0.5841584158415841,0.37623762376237624,0.0,0.039603960396039604,0.0,0.0,0.0,0.0
19241N3_ddec.cif,961.7927657249734,0.0,0.0,0.5700934579439252,0.3925233644859813,0.0,0.037383177570093455,0.0,0.0,0.0,0.0
19242N3_ddec.cif,939.9864136761805,0.0,0.0,0.5841584158415841,0.3564356435643564,0.0,0.039603960396039604,0.0,0.0,0.019801980198019802,0.0
19250N3_ddec.cif,1059.6797071032997,0.0,0.03669724770642202,0.5137614678899083,0.4036697247706422,0.009174311926605505,0.03669724770642202,0.0,0.0,0.0,0.0
19251N3_ddec.cif,1332.7557390853233,0.0,0.037383177570093455,0.5233644859813084,0.37383177570093457,0.009345794392523364,0.037383177570093455,0.0,0.0,0.0,0.018691588785046728
19252N3_ddec.cif,1028.8189189445454,0.0,0.03669724770642202,0.5229357798165137,0.4036697247706422,0.0,0.03669724770642202,0.0,0.0,0.0,0.0
19253N3_ddec.cif,1251.1079000673449,0.0,0.037383177570093455,0.5327102803738317,0.37383177570093457,0.0,0.037383177570093455,0.0,0.0,0.0,0.018691588785046728
19260N2_ddec.cif,840.8648975272588,0.0,0.0,0.5862068965517241,0.3103448275862069,0.0,0.10344827586206896,0.0,0.0,0.0,0.0
19270N2_ddec.cif,667.9511564455695,0.0,0.0,0.5777777777777777,0.32592592592592595,0.0,0.05925925925925926,0.02962962962962963,0.0,0.0,0.007407407407407408
19280N2_ddec.cif,564.9400168846361,0.0,0.03636363636363636,0.5272727272727272,0.4,0.0,0.03636363636363636,0.0,0.0,0.0,0.0
19281N2_ddec.cif,550.0543330803383,0.0,0.04081632653061224,0.5510204081632653,0.3673469387755102,0.0,0.04081632653061224,0.0,0.0,0.0,0.0
19282N2_ddec.cif,542.2407309936531,0.0,0.07547169811320754,0.5471698113207547,0.33962264150943394,0.0,0.03773584905660377,0.0,0.0,0.0,0.0
19283N2_ddec.cif,568.1827124348247,0.0,0.03773584905660377,0.5471698113207547,0.33962264150943394,0.0,0.03773584905660377,0.03773584905660377,0.0,0.0,0.0
19290N2_ddec.cif,602.8424510748417,0.0,0.0,0.5875,0.375,0.0,0.0375,0.0,0.0,0.0,0.0
19291N2_ddec.cif,710.4263394290791,0.0,0.0,0.5925925925925926,0.37037037037037035,0.0,0.037037037037037035,0.0,0.0,0.0,0.0
19292N2_ddec.cif,664.1247979160418,0.0,0.0043859649122807015,0.5833333333333334,0.37719298245614036,0.0,0.03508771929824561,0.0,0.0,0.0,0.0
19310N2_ddec.cif,537.809592870173,0.0,0.0,0.58,0.38,0.0,0.04,0.0,0.0,0.0,0.0
19311N2_ddec.cif,555.8440378939392,0.0,0.0,0.5531914893617021,0.3404255319148936,0.0,0.10638297872340426,0.0,0.0,0.0,0.0
19330N2_ddec.cif,513.9468315478383,0.0,0.0,0.6,0.35555555555555557,0.0,0.044444444444444446,0.0,0.0,0.0,0.0
19340N2_ddec.cif,601.978864951911,0.0,0.0,0.5454545454545454,0.36363636363636365,0.0,0.09090909090909091,0.0,0.0,0.0,0.0
19341N2_ddec.cif,718.5898168789281,0.0,0.0,0.5789473684210527,0.3684210526315789,0.0,0.05263157894736842,0.0,0.0,0.0,0.0
19350N2_ddec.cif,782.2146212576768,0.0,0.0,0.6176470588235294,0.35294117647058826,0.0,0.029411764705882353,0.0,0.0,0.0,0.0
19351N2_ddec.cif,592.6740276553604,0.0,0.0,0.6206896551724138,0.3448275862068966,0.0,0.034482758620689655,0.0,0.0,0.0,0.0
19352N2_ddec.cif,573.4224314982051,0.0,0.0,0.6388888888888888,0.3333333333333333,0.0,0.027777777777777776,0.0,0.0,0.0,0.0
19353N2_ddec.cif,660.7940315395599,0.0,0.0,0.6388888888888888,0.3333333333333333,0.0,0.027777777777777776,0.0,0.0,0.0,0.0
19360N2_ddec.cif,376.17447514202206,0.0,0.0,0.5714285714285714,0.38095238095238093,0.0,0.047619047619047616,0.0,0.0,0.0,0.0
19361N2_ddec.cif,375.6943715468139,0.0,0.0,0.5714285714285714,0.3333333333333333,0.0,0.047619047619047616,0.047619047619047616,0.0,0.0,0.0
19362N2_ddec.cif,354.08910677208445,0.0,0.0,0.5833333333333334,0.3333333333333333,0.0,0.041666666666666664,0.041666666666666664,0.0,0.0,0.0
19363N2_ddec.cif,406.5735716849678,0.0,0.03571428571428571,0.5357142857142857,0.35714285714285715,0.0,0.03571428571428571,0.03571428571428571,0.0,0.0,0.0
19364N2_ddec.cif,444.19179817542494,0.0,0.03225806451612903,0.5161290322580645,0.3870967741935484,0.0,0.03225806451612903,0.03225806451612903,0.0,0.0,0.0
19365N2_ddec.cif,440.51647787734777,0.0,0.029411764705882353,0.5,0.4117647058823529,0.0,0.029411764705882353,0.029411764705882353,0.0,0.0,0.0
19366N2_ddec.cif,363.3945544300813,0.0,0.0,0.6071428571428571,0.35714285714285715,0.0,0.03571428571428571,0.0,0.0,0.0,0.0
19370N2_ddec.cif,736.0323268475705,0.0,0.0,0.4868421052631579,0.4605263157894737,0.0,0.05263157894736842,0.0,0.0,0.0,0.0
19380N2_ddec.cif,597.4604288803016,0.0,0.0,0.58,0.36,0.0,0.06,0.0,0.0,0.0,0.0
19390N2_ddec.cif,702.8037399841971,0.0,0.05714285714285714,0.5142857142857142,0.34285714285714286,0.0,0.08571428571428572,0.0,0.0,0.0,0.0
19401N3_ddec.cif,310.7046974188586,0.0,0.0,0.5471698113207547,0.37735849056603776,0.0,0.07547169811320754,0.0,0.0,0.0,0.0
19410N2_ddec.cif,500.03739920175497,0.0,0.0,0.6,0.36,0.0,0.04,0.0,0.0,0.0,0.0
19411N2_ddec.cif,489.2272539862584,0.0,0.0,0.6071428571428571,0.35714285714285715,0.0,0.03571428571428571,0.0,0.0,0.0,0.0
19412N2_ddec.cif,488.838731636951,0.0,0.0,0.625,0.34375,0.0,0.03125,0.0,0.0,0.0,0.0
19413N2_ddec.cif,410.1397010379445,0.0,0.0,0.55,0.3,0.0,0.1,0.05,0.0,0.0,0.0
19420N3_ddec.cif,229.75967202418042,0.0,0.0,0.5555555555555556,0.3950617283950617,0.0,0.04938271604938271,0.0,0.0,0.0,0.0
19421N3_ddec.cif,150.99814069081617,0.0,0.0,0.5643564356435643,0.39603960396039606,0.0,0.039603960396039604,0.0,0.0,0.0,0.0
19430N2_ddec.cif,561.3244597207618,0.0,0.0,0.6086956521739131,0.34782608695652173,0.0,0.043478260869565216,0.0,0.0,0.0,0.0
19440N2_ddec.cif,1071.1983709342826,0.0,0.0,0.5369127516778524,0.348993288590604,0.0,0.10738255033557047,0.0,0.0,0.0,0.006711409395973154
19441N2_ddec.cif,1067.755459124746,0.0,0.0,0.5369127516778524,0.348993288590604,0.0,0.10738255033557047,0.0,0.0,0.0,0.006711409395973154
19450N2_ddec.cif,283.46475612899513,0.0,0.011627906976744186,0.5,0.43023255813953487,0.0,0.05813953488372093,0.0,0.0,0.0,0.0
19451N2_ddec.cif,358.94099527428125,0.0,0.011494252873563218,0.5287356321839081,0.40229885057471265,0.0,0.05747126436781609,0.0,0.0,0.0,0.0
19452N2_ddec.cif,388.6437632945673,0.0,0.011764705882352941,0.5411764705882353,0.38823529411764707,0.0,0.058823529411764705,0.0,0.0,0.0,0.0
19453N2_ddec.cif,338.4570440674664,0.0,0.0,0.4888888888888889,0.4444444444444444,0.0,0.06666666666666667,0.0,0.0,0.0,0.0
19454N2_ddec.cif,367.6066347113995,0.0,0.020618556701030927,0.4845360824742268,0.4329896907216495,0.0,0.061855670103092786,0.0,0.0,0.0,0.0
19455N2_ddec.cif,240.88898107600446,0.0,0.0,0.5180722891566265,0.42168674698795183,0.0,0.060240963855421686,0.0,0.0,0.0,0.0
19456N2_ddec.cif,355.4531958647966,0.0,0.0,0.4945054945054945,0.43956043956043955,0.0,0.06593406593406594,0.0,0.0,0.0,0.0
19460N2_ddec.cif,694.6662986078096,0.0,0.043478260869565216,0.5217391304347826,0.34782608695652173,0.0,0.08695652173913043,0.0,0.0,0.0,0.0
19462N2_ddec.cif,650.5987086468509,0.0,0.07142857142857142,0.5,0.35714285714285715,0.0,0.07142857142857142,0.0,0.0,0.0,0.0
19464N2_ddec.cif,554.7727337041192,0.0,0.05263157894736842,0.47368421052631576,0.42105263157894735,0.0,0.05263157894736842,0.0,0.0,0.0,0.0
19466N2_ddec.cif,510.75674877141824,0.0,0.08,0.48,0.4,0.0,0.04,0.0,0.0,0.0,0.0
19470N2_ddec.cif,499.2756705626991,0.0,0.0,0.5698924731182796,0.3655913978494624,0.0,0.06451612903225806,0.0,0.0,0.0,0.0
19480N2_ddec.cif,465.92935117475673,0.0,0.0,0.525,0.425,0.0,0.05,0.0,0.0,0.0,0.0
19481N2_ddec.cif,633.8647119314999,0.0,0.0,0.525,0.4,0.0,0.05,0.0,0.0,0.025,0.0
19482N2_ddec.cif,638.3748568006563,0.0,0.0,0.5189873417721519,0.4050632911392405,0.0,0.06329113924050633,0.0,0.0,0.012658227848101266,0.0
19483N2_ddec.cif,721.3022379234318,0.0,0.0,0.5,0.43333333333333335,0.0,0.06666666666666667,0.0,0.0,0.0,0.0
19490N2_ddec.cif,776.4834204618834,0.0,0.0,0.5873015873015873,0.36507936507936506,0.0,0.047619047619047616,0.0,0.0,0.0,0.0
19491N2_ddec.cif,601.7158248251684,0.0,0.0,0.5753424657534246,0.3835616438356164,0.0,0.0410958904109589,0.0,0.0,0.0,0.0
19500N2_ddec.cif,396.9608808109439,0.0,0.07142857142857142,0.5357142857142857,0.32142857142857145,0.0,0.07142857142857142,0.0,0.0,0.0,0.0
19510N2_ddec.cif,348.3726188732362,0.0,0.04,0.52,0.36,0.0,0.08,0.0,0.0,0.0,0.0
19511N2_ddec.cif,500.0491156391529,0.0,0.030303030303030304,0.5454545454545454,0.36363636363636365,0.0,0.06060606060606061,0.0,0.0,0.0,0.0
19520N2_ddec.cif,486.94353581070374,0.0,0.06451612903225806,0.4838709677419355,0.41935483870967744,0.0,0.03225806451612903,0.0,0.0,0.0,0.0
19521N2_ddec.cif,516.1441782215459,0.0,0.07246376811594203,0.463768115942029,0.43478260869565216,0.0,0.028985507246376812,0.0,0.0,0.0,0.0
19522N2_ddec.cif,580.4011162602311,0.0,0.07894736842105263,0.4473684210526316,0.4473684210526316,0.0,0.02631578947368421,0.0,0.0,0.0,0.0
19530N2_ddec.cif,376.16001503833934,0.0,0.0,0.5671641791044776,0.3880597014925373,0.0,0.04477611940298507,0.0,0.0,0.0,0.0
19531N2_ddec.cif,350.3396191293507,0.0,0.0,0.5714285714285714,0.38961038961038963,0.0,0.03896103896103896,0.0,0.0,0.0,0.0
19540N2_ddec.cif,656.3922888763118,0.0,0.0,0.6,0.34285714285714286,0.0,0.05714285714285714,0.0,0.0,0.0,0.0
19541N2_ddec.cif,519.8097179336144,0.0,0.0,0.6,0.35555555555555557,0.0,0.044444444444444446,0.0,0.0,0.0,0.0
19542N2_ddec.cif,652.2975349330806,0.0,0.0,0.5714285714285714,0.2857142857142857,0.0,0.08571428571428572,0.05714285714285714,0.0,0.0,0.0
19550N2_ddec.cif,573.7049055646225,0.0,0.0,0.5614035087719298,0.3684210526315789,0.0,0.07017543859649122,0.0,0.0,0.0,0.0
19560N2_ddec.cif,474.06574016077246,0.0,0.03225806451612903,0.4838709677419355,0.45161290322580644,0.0,0.03225806451612903,0.0,0.0,0.0,0.0
19570N2_ddec.cif,579.9029826598819,0.0,0.0,0.5813953488372093,0.3488372093023256,0.0,0.06976744186046512,0.0,0.0,0.0,0.0
19571N2_ddec.cif,553.1315336556648,0.0,0.0,0.5813953488372093,0.3488372093023256,0.0,0.06976744186046512,0.0,0.0,0.0,0.0
19572N2_ddec.cif,614.8028739034528,0.0,0.0,0.5818181818181818,0.35454545454545455,0.0,0.06363636363636363,0.0,0.0,0.0,0.0
19573N2_ddec.cif,608.1264938317353,0.0,0.0,0.5818181818181818,0.35454545454545455,0.0,0.06363636363636363,0.0,0.0,0.0,0.0
20000N2_ddec.cif,493.0765790143605,0.0,0.0,0.5523809523809524,0.3619047619047619,0.0,0.0761904761904762,0.009523809523809525,0.0,0.0,0.0
20010N2_ddec.cif,393.25324767921427,0.0,0.06349206349206349,0.5555555555555556,0.3492063492063492,0.0,0.031746031746031744,0.0,0.0,0.0,0.0
20021N2_ddec.cif,607.2071258964987,0.0,0.058823529411764705,0.5294117647058824,0.29411764705882354,0.0,0.11764705882352941,0.0,0.0,0.0,0.0
20030N2_ddec.cif,760.8135960350647,0.02040816326530612,0.10204081632653061,0.40816326530612246,0.3877551020408163,0.0,0.08163265306122448,0.0,0.0,0.0,0.0
20031N2_ddec.cif,798.0243837995648,0.0196078431372549,0.09803921568627451,0.43137254901960786,0.37254901960784315,0.0,0.0784313725490196,0.0,0.0,0.0,0.0
20040N2_ddec.cif,464.3860316328271,0.0,0.0,0.5568181818181818,0.36363636363636365,0.0,0.07954545454545454,0.0,0.0,0.0,0.0
20050N2_ddec.cif,436.5652928541535,0.0,0.029850746268656716,0.5671641791044776,0.34328358208955223,0.0,0.05970149253731343,0.0,0.0,0.0,0.0
20051N2_ddec.cif,462.84438660378817,0.0,0.03007518796992481,0.5714285714285714,0.3308270676691729,0.0,0.06015037593984962,0.0,0.0,0.0,0.007518796992481203
20052N2_ddec.cif,465.92018482088184,0.0,0.03007518796992481,0.5714285714285714,0.3308270676691729,0.0,0.06015037593984962,0.0,0.0,0.0,0.007518796992481203
20070N2_ddec.cif,381.4009309329348,0.0,0.0,0.5454545454545454,0.38181818181818183,0.0,0.05454545454545454,0.0,0.01818181818181818,0.0,0.0
20080N2_ddec.cif,598.461359272604,0.0,0.10909090909090909,0.5454545454545454,0.2727272727272727,0.0,0.07272727272727272,0.0,0.0,0.0,0.0
20090N2_ddec.cif,631.705771398122,0.0,0.0,0.5789473684210527,0.3684210526315789,0.0,0.05263157894736842,0.0,0.0,0.0,0.0
20091N2_ddec.cif,684.035523474389,0.0,0.025974025974025976,0.5844155844155844,0.33766233766233766,0.0,0.05194805194805195,0.0,0.0,0.0,0.0
20110N3_ddec.cif,102.72476743423348,0.0,0.0380952380952381,0.5428571428571428,0.38095238095238093,0.0,0.0380952380952381,0.0,0.0,0.0,0.0
20113N3_ddec.cif,111.02416764260826,0.0,0.03418803418803419,0.5213675213675214,0.41025641025641024,0.0,0.03418803418803419,0.0,0.0,0.0,0.0
20116N3_ddec.cif,118.01855940964556,0.0,0.031007751937984496,0.5038759689922481,0.43410852713178294,0.0,0.031007751937984496,0.0,0.0,0.0,0.0
20120N2_ddec.cif,847.6008460789177,0.0,0.0,0.5932203389830508,0.3728813559322034,0.0,0.03389830508474576,0.0,0.0,0.0,0.0
20121N3_ddec.cif,939.0423709425665,0.0,0.0,0.5588235294117647,0.4117647058823529,0.0,0.029411764705882353,0.0,0.0,0.0,0.0
20130N2_ddec.cif,565.5931292928086,0.0,0.0,0.5714285714285714,0.3333333333333333,0.0,0.047619047619047616,0.0,0.0,0.047619047619047616,0.0
20140N2_ddec.cif,819.0378723684989,0.0,0.028985507246376812,0.5652173913043478,0.37681159420289856,0.0,0.028985507246376812,0.0,0.0,0.0,0.0
20141N2_ddec.cif,810.1112168795114,0.0,0.027777777777777776,0.5555555555555556,0.3888888888888889,0.0,0.027777777777777776,0.0,0.0,0.0,0.0
20142N2_ddec.cif,772.2940516071792,0.0,0.030303030303030304,0.5757575757575758,0.36363636363636365,0.0,0.030303030303030304,0.0,0.0,0.0,0.0
20150N2_ddec.cif,570.2780559024889,0.0,0.0,0.5483870967741935,0.3870967741935484,0.0,0.03225806451612903,0.03225806451612903,0.0,0.0,0.0
20151N2_ddec.cif,612.000191892671,0.0,0.0,0.5862068965517241,0.3448275862068966,0.0,0.034482758620689655,0.034482758620689655,0.0,0.0,0.0
20152N2_ddec.cif,591.4883883308427,0.0,0.0,0.5333333333333333,0.36666666666666664,0.0,0.06666666666666667,0.03333333333333333,0.0,0.0,0.0
20153N2_ddec.cif,656.8452468460088,0.0,0.0,0.5714285714285714,0.32142857142857145,0.0,0.07142857142857142,0.03571428571428571,0.0,0.0,0.0
20160N2_ddec.cif,524.3739666352379,0.0,0.05714285714285714,0.5142857142857142,0.4,0.0,0.02857142857142857,0.0,0.0,0.0,0.0
20161N2_ddec.cif,631.8674928786023,0.0,0.02702702702702703,0.5675675675675675,0.3783783783783784,0.0,0.02702702702702703,0.0,0.0,0.0,0.0
20162N2_ddec.cif,631.3660255703211,0.0,0.027777777777777776,0.5833333333333334,0.3611111111111111,0.0,0.027777777777777776,0.0,0.0,0.0,0.0
20164N2_ddec.cif,498.9516814803826,0.0,0.03571428571428571,0.5,0.39285714285714285,0.0,0.07142857142857142,0.0,0.0,0.0,0.0
20165N2_ddec.cif,438.0412857356398,0.0,0.0,0.5416666666666666,0.375,0.0,0.08333333333333333,0.0,0.0,0.0,0.0
20166N2_ddec.cif,507.31135777891706,0.0,0.037037037037037035,0.48148148148148145,0.37037037037037035,0.0,0.1111111111111111,0.0,0.0,0.0,0.0
20167N2_ddec.cif,569.3381864302152,0.0,0.0,0.6060606060606061,0.36363636363636365,0.0,0.030303030303030304,0.0,0.0,0.0,0.0
20168N2_ddec.cif,639.1071614847083,0.0,0.02727272727272727,0.5636363636363636,0.37272727272727274,0.0,0.03636363636363636,0.0,0.0,0.0,0.0
20169N2_ddec.cif,572.7173619797945,0.0,0.0,0.6020408163265306,0.35714285714285715,0.0,0.04081632653061224,0.0,0.0,0.0,0.0
2016aN2_ddec.cif,518.3385025813998,0.0,0.03614457831325301,0.4939759036144578,0.3855421686746988,0.0,0.08433734939759036,0.0,0.0,0.0,0.0
2016bN2_ddec.cif,401.3952214497003,0.0,0.0,0.5352112676056338,0.36619718309859156,0.0,0.09859154929577464,0.0,0.0,0.0,0.0
20170N2_ddec.cif,617.7267750601703,0.0,0.0,0.5609756097560976,0.34146341463414637,0.0,0.04878048780487805,0.04878048780487805,0.0,0.0,0.0
20172N2_ddec.cif,775.2947160804742,0.0,0.04081632653061224,0.5102040816326531,0.3673469387755102,0.0,0.04081632653061224,0.04081632653061224,0.0,0.0,0.0
20180N2_ddec.cif,558.8882883697576,0.0,0.0,0.5625,0.3125,0.0,0.03125,0.0,0.0,0.09375,0.0
20181N2_ddec.cif,583.147284309012,0.0,0.0,0.5483870967741935,0.2903225806451613,0.0,0.06451612903225806,0.0,0.0,0.0967741935483871,0.0
20182N2_ddec.cif,541.9074296175368,0.0,0.034482758620689655,0.5517241379310345,0.3448275862068966,0.0,0.06896551724137931,0.0,0.0,0.0,0.0
20190N2_ddec.cif,423.1466845582754,0.0,0.0,0.5641025641025641,0.358974358974359,0.0,0.05128205128205128,0.02564102564102564,0.0,0.0,0.0
20191N2_ddec.cif,377.25215358767434,0.0,0.0,0.5652173913043478,0.34782608695652173,0.0,0.043478260869565216,0.043478260869565216,0.0,0.0,0.0
20201N2_ddec.cif,600.8772275511576,0.0,0.0,0.6274509803921569,0.3333333333333333,0.0,0.0392156862745098,0.0,0.0,0.0,0.0
20202N2_ddec.cif,394.0718032080054,0.0,0.0,0.6086956521739131,0.34782608695652173,0.0,0.043478260869565216,0.0,0.0,0.0,0.0
20203N2_ddec.cif,467.06671866656336,0.0,0.0,0.6078431372549019,0.35294117647058826,0.0,0.0392156862745098,0.0,0.0,0.0,0.0
20210N2_ddec.cif,486.19049986458805,0.0,0.0,0.5454545454545454,0.4090909090909091,0.0,0.045454545454545456,0.0,0.0,0.0,0.0
20211N2_ddec.cif,412.5456806900156,0.0,0.0,0.5625,0.40625,0.0,0.03125,0.0,0.0,0.0,0.0
20220N2_ddec.cif,539.2822041741233,0.0,0.0,0.4878048780487805,0.34146341463414637,0.0,0.14634146341463414,0.024390243902439025,0.0,0.0,0.0
20250N2_ddec.cif,320.4072652539901,0.0,0.0,0.5416666666666666,0.375,0.0,0.08333333333333333,0.0,0.0,0.0,0.0
20260N3_ddec.cif,944.1743495714528,0.0,0.0,0.4810810810810811,0.4972972972972973,0.0,0.021621621621621623,0.0,0.0,0.0,0.0
20261N3_ddec.cif,779.6498401280721,0.0,0.0,0.4926829268292683,0.4878048780487805,0.0,0.01951219512195122,0.0,0.0,0.0,0.0
20280N2_ddec.cif,620.764884756382,0.0,0.0,0.5952380952380952,0.35714285714285715,0.0,0.047619047619047616,0.0,0.0,0.0,0.0
20281N2_ddec.cif,479.1476725522058,0.0,0.0,0.5818181818181818,0.36363636363636365,0.0,0.05454545454545454,0.0,0.0,0.0,0.0
20282N2_ddec.cif,499.1587459253359,0.0,0.0,0.5818181818181818,0.36363636363636365,0.0,0.05454545454545454,0.0,0.0,0.0,0.0
20290N2_ddec.cif,831.2224821886408,0.0,0.0,0.5869565217391305,0.34782608695652173,0.0,0.06521739130434782,0.0,0.0,0.0,0.0
20300N2_ddec.cif,501.75201279364046,0.0,0.03571428571428571,0.5357142857142857,0.32142857142857145,0.0,0.10714285714285714,0.0,0.0,0.0,0.0
20310N2_ddec.cif,316.06800517426535,0.0,0.0,0.5454545454545454,0.38181818181818183,0.0,0.05454545454545454,0.0,0.01818181818181818,0.0,0.0
20311N2_ddec.cif,280.495508823127,0.0,0.0,0.5571428571428572,0.38571428571428573,0.0,0.04285714285714286,0.0,0.014285714285714285,0.0,0.0
20320N2_ddec.cif,342.95555376500874,0.0,0.0,0.56,0.36,0.0,0.08,0.0,0.0,0.0,0.0
20321N2_ddec.cif,466.9932351246584,0.0,0.047619047619047616,0.5238095238095238,0.3333333333333333,0.0,0.09523809523809523,0.0,0.0,0.0,0.0
20331N2_ddec.cif,532.5563546989198,0.0,0.0,0.569620253164557,0.379746835443038,0.0,0.05063291139240506,0.0,0.0,0.0,0.0
20340N2_ddec.cif,695.9503723359738,0.0,0.0,0.6344086021505376,0.3010752688172043,0.0,0.06451612903225806,0.0,0.0,0.0,0.0
20341N2_ddec.cif,548.7156295035778,0.0,0.0,0.6111111111111112,0.3333333333333333,0.0,0.05555555555555555,0.0,0.0,0.0,0.0
20350N2_ddec.cif,643.8433759626383,0.0,0.0,0.5822784810126582,0.3291139240506329,0.0,0.0759493670886076,0.0,0.0,0.0,0.012658227848101266
20360N2_ddec.cif,433.299059227899,0.0,0.0,0.6086956521739131,0.34782608695652173,0.0,0.043478260869565216,0.0,0.0,0.0,0.0
20361N2_ddec.cif,571.0319712259474,0.0,0.0,0.6111111111111112,0.3333333333333333,0.0,0.05555555555555555,0.0,0.0,0.0,0.0
20362N2_ddec.cif,785.6390922311209,0.0,0.0,0.6190476190476191,0.3333333333333333,0.0,0.047619047619047616,0.0,0.0,0.0,0.0
20370N3_ddec.cif,318.39938792260534,0.0,0.0,0.5263157894736842,0.42105263157894735,0.0,0.05263157894736842,0.0,0.0,0.0,0.0
20380N2_ddec.cif,654.6320901346803,0.0,0.07142857142857142,0.5,0.21428571428571427,0.0,0.14285714285714285,0.07142857142857142,0.0,0.0,0.0
20390N2_ddec.cif,515.0819881473772,0.0,0.0,0.5882352941176471,0.3088235294117647,0.0,0.058823529411764705,0.014705882352941176,0.0,0.029411764705882353,0.0
20391N2_ddec.cif,494.7176323866206,0.0,0.0,0.5882352941176471,0.3088235294117647,0.0,0.058823529411764705,0.014705882352941176,0.0,0.029411764705882353,0.0
20392N2_ddec.cif,466.57163905936864,0.0,0.0,0.5882352941176471,0.3382352941176471,0.0,0.058823529411764705,0.014705882352941176,0.0,0.0,0.0
20400N2_ddec.cif,970.5196981820676,0.0,0.0,0.5555555555555556,0.3333333333333333,0.0,0.1111111111111111,0.0,0.0,0.0,0.0
20401N2_ddec.cif,410.6122130348682,0.0,0.0,0.5714285714285714,0.38095238095238093,0.0,0.047619047619047616,0.0,0.0,0.0,0.0
20402N2_ddec.cif,589.1370620057307,0.0,0.04,0.52,0.4,0.0,0.04,0.0,0.0,0.0,0.0
20403N2_ddec.cif,617.9138304859962,0.0,0.0,0.5957446808510638,0.3617021276595745,0.0,0.0425531914893617,0.0,0.0,0.0,0.0
20410N2_ddec.cif,501.9446955612689,0.0,0.05128205128205128,0.5384615384615384,0.358974358974359,0.0,0.05128205128205128,0.0,0.0,0.0,0.0
20411N2_ddec.cif,685.6334074103404,0.0,0.044444444444444446,0.5111111111111111,0.4,0.0,0.044444444444444446,0.0,0.0,0.0,0.0
20420N2_ddec.cif,971.6998173890471,0.0,0.08333333333333333,0.6666666666666666,0.16666666666666666,0.0,0.08333333333333333,0.0,0.0,0.0,0.0
20421N2_ddec.cif,970.8164690155957,0.0,0.08333333333333333,0.6666666666666666,0.16666666666666666,0.0,0.08333333333333333,0.0,0.0,0.0,0.0
20430N3_ddec.cif,108.75024889609897,0.0,0.0,0.6130653266331658,0.35678391959798994,0.0,0.03015075376884422,0.0,0.0,0.0,0.0
20440N3_ddec.cif,494.9244333318653,0.0,0.0784313725490196,0.37254901960784315,0.43137254901960786,0.0,0.09803921568627451,0.0,0.0,0.0196078431372549,0.0
20441N3_ddec.cif,444.5322536756108,0.0,0.07017543859649122,0.3684210526315789,0.45614035087719296,0.0,0.08771929824561403,0.0,0.0,0.017543859649122806,0.0
20442N3_ddec.cif,609.9898380011549,0.0,0.06349206349206349,0.36507936507936506,0.47619047619047616,0.0,0.07936507936507936,0.0,0.0,0.015873015873015872,0.0
20443N3_ddec.cif,569.7077570166248,0.0,0.08620689655172414,0.3620689655172414,0.4482758620689655,0.0,0.08620689655172414,0.0,0.0,0.017241379310344827,0.0
20450N2_ddec.cif,544.1577152062088,0.0,0.0,0.5909090909090909,0.38636363636363635,0.0,0.022727272727272728,0.0,0.0,0.0,0.0
20460N2_ddec.cif,1053.2585399296422,0.0,0.058823529411764705,0.38235294117647056,0.23529411764705882,0.0,0.058823529411764705,0.0,0.0,0.2647058823529412,0.0
20470N2_ddec.cif,549.8404880858408,0.0,0.10810810810810811,0.5675675675675675,0.32432432432432434,0.0,0.0,0.0,0.0,0.0,0.0
20471N2_ddec.cif,430.9374497259548,0.0,0.09523809523809523,0.5714285714285714,0.3333333333333333,0.0,0.0,0.0,0.0,0.0,0.0
20472N2_ddec.cif,367.16924851137674,0.0,0.07692307692307693,0.5769230769230769,0.34615384615384615,0.0,0.0,0.0,0.0,0.0,0.0
20473N2_ddec.cif,240.70769629241968,0.0,0.04081632653061224,0.5714285714285714,0.3877551020408163,0.0,0.0,0.0,0.0,0.0,0.0
20490N2_ddec.cif,565.7458303339705,0.0,0.02564102564102564,0.5384615384615384,0.41025641025641024,0.0,0.02564102564102564,0.0,0.0,0.0,0.0
20491N2_ddec.cif,633.7506368093937,0.0,0.02564102564102564,0.5384615384615384,0.41025641025641024,0.0,0.02564102564102564,0.0,0.0,0.0,0.0
20500N3_ddec.cif,515.4670048891089,0.0,0.11764705882352941,0.5294117647058824,0.29411764705882354,0.0,0.058823529411764705,0.0,0.0,0.0,0.0
20501N3_ddec.cif,805.1403504325225,0.0,0.11764705882352941,0.5294117647058824,0.29411764705882354,0.0,0.058823529411764705,0.0,0.0,0.0,0.0
20510N2_ddec.cif,431.6522520980547,0.0,0.0,0.6,0.35555555555555557,0.0,0.044444444444444446,0.0,0.0,0.0,0.0
20520N3_ddec.cif,659.9400170035779,0.0,0.0,0.6,0.36,0.0,0.04,0.0,0.0,0.0,0.0
20521N3_ddec.cif,648.3912087897751,0.0,0.0,0.6,0.36666666666666664,0.0,0.03333333333333333,0.0,0.0,0.0,0.0
20530N2_ddec.cif,568.3825721840016,0.0,0.10344827586206896,0.5689655172413793,0.25862068965517243,0.0,0.06896551724137931,0.0,0.0,0.0,0.0
20531N2_ddec.cif,505.42415564084,0.0,0.09090909090909091,0.5909090909090909,0.2727272727272727,0.0,0.045454545454545456,0.0,0.0,0.0,0.0
20540N2_ddec.cif,890.4223949332925,0.0,0.05,0.5,0.35,0.0,0.075,0.0,0.025,0.0,0.0
20541N2_ddec.cif,921.216387599486,0.0,0.06666666666666667,0.4666666666666667,0.3333333333333333,0.0,0.1,0.0,0.03333333333333333,0.0,0.0
20542N2_ddec.cif,769.1432728606056,0.0,0.04,0.52,0.36,0.0,0.06,0.0,0.02,0.0,0.0
20543N2_ddec.cif,801.6132905547928,0.0,0.03571428571428571,0.5,0.39285714285714285,0.0,0.05357142857142857,0.0,0.017857142857142856,0.0,0.0
20544N2_ddec.cif,796.5334650508979,0.0,0.03773584905660377,0.5094339622641509,0.37735849056603776,0.0,0.05660377358490566,0.0,0.018867924528301886,0.0,0.0
20550N2_ddec.cif,1211.7783666190057,0.0,0.06060606060606061,0.5757575757575758,0.24242424242424243,0.0,0.06060606060606061,0.06060606060606061,0.0,0.0,0.0
20551N2_ddec.cif,1167.343007361254,0.0,0.0,0.5757575757575758,0.30303030303030304,0.0,0.06060606060606061,0.06060606060606061,0.0,0.0,0.0
20560N3_ddec.cif,1042.8459878289125,0.06666666666666667,0.2,0.4,0.26666666666666666,0.0,0.0,0.0,0.06666666666666667,0.0,0.0
20561N3_ddec.cif,1257.6614757155885,0.06666666666666667,0.2,0.4,0.13333333333333333,0.0,0.0,0.0,0.06666666666666667,0.13333333333333333,0.0
20562N3_ddec.cif,1140.3715708555953,0.05555555555555555,0.16666666666666666,0.3888888888888889,0.3333333333333333,0.0,0.0,0.0,0.05555555555555555,0.0,0.0
20563N3_ddec.cif,782.2322095047994,0.047619047619047616,0.14285714285714285,0.47619047619047616,0.2857142857142857,0.0,0.0,0.0,0.047619047619047616,0.0,0.0
20564N3_ddec.cif,568.541435253719,0.04,0.12,0.48,0.32,0.0,0.0,0.0,0.04,0.0,0.0
20565N3_ddec.cif,1757.053383535788,0.0625,0.25,0.375,0.25,0.0,0.0,0.0,0.0625,0.0,0.0
20570N3_ddec.cif,1157.4758573469808,0.0,0.0,0.5616438356164384,0.3835616438356164,0.0,0.0547945205479452,0.0,0.0,0.0,0.0
20571N3_ddec.cif,937.5190619603833,0.0,0.0,0.5463917525773195,0.3711340206185567,0.0,0.08247422680412371,0.0,0.0,0.0,0.0
20580N3_ddec.cif,540.2464755809976,0.0,0.020202020202020204,0.5050505050505051,0.41414141414141414,0.0,0.06060606060606061,0.0,0.0,0.0,0.0
20581N2_ddec.cif,570.1529614771952,0.0,0.02030456852791878,0.5076142131979695,0.40609137055837563,0.0,0.06091370558375635,0.0,0.0,0.0,0.005076142131979695
20590N2_ddec.cif,504.6981639323694,0.0,0.0,0.5573770491803278,0.32786885245901637,0.0,0.09836065573770492,0.01639344262295082,0.0,0.0,0.0
20600N2_ddec.cif,589.1251087939027,0.0,0.08955223880597014,0.582089552238806,0.26865671641791045,0.0,0.05970149253731343,0.0,0.0,0.0,0.0
20610N2_ddec.cif,396.66213389139796,0.0,0.0,0.55,0.35,0.0,0.1,0.0,0.0,0.0,0.0
20611N2_ddec.cif,405.02687097367345,0.0,0.0,0.5038167938931297,0.35877862595419846,0.0,0.13740458015267176,0.0,0.0,0.0,0.0
20620N2_ddec.cif,727.4868999928776,0.0,0.04081632653061224,0.5306122448979592,0.3673469387755102,0.0,0.061224489795918366,0.0,0.0,0.0,0.0
20621N2_ddec.cif,1177.918167930399,0.0,0.02857142857142857,0.5714285714285714,0.32857142857142857,0.0,0.07142857142857142,0.0,0.0,0.0,0.0
20630N2_ddec.cif,500.21950478944217,0.0,0.0,0.5476190476190477,0.38095238095238093,0.0,0.07142857142857142,0.0,0.0,0.0,0.0
20631N2_ddec.cif,486.72615784206874,0.0,0.0,0.5625,0.3333333333333333,0.0,0.0625,0.041666666666666664,0.0,0.0,0.0
20640N2_ddec.cif,543.6874893676695,0.0,0.0,0.5844155844155844,0.37662337662337664,0.0,0.03896103896103896,0.0,0.0,0.0,0.0
20650N2_ddec.cif,812.5996282670595,0.0,0.0,0.5609756097560976,0.34146341463414637,0.0,0.07317073170731707,0.0,0.0,0.024390243902439025,0.0
20651N3_ddec.cif,748.7493102523525,0.0,0.022222222222222223,0.5333333333333333,0.35555555555555557,0.0,0.06666666666666667,0.0,0.0,0.022222222222222223,0.0
20652N2_ddec.cif,888.963411883828,0.0,0.0,0.5609756097560976,0.3170731707317073,0.0,0.07317073170731707,0.0,0.0,0.04878048780487805,0.0
20653N2_ddec.cif,1003.9843580591621,0.0,0.0,0.5454545454545454,0.3409090909090909,0.0,0.06818181818181818,0.0,0.0,0.045454545454545456,0.0
20670N3_ddec.cif,450.9461097861191,0.0,0.0,0.6158940397350994,0.3576158940397351,0.0,0.026490066225165563,0.0,0.0,0.0,0.0
20671N2_ddec.cif,650.4168838513725,0.0,0.0,0.6190476190476191,0.35714285714285715,0.0,0.023809523809523808,0.0,0.0,0.0,0.0
20672N2_ddec.cif,623.7615979066928,0.0,0.0,0.6071428571428571,0.35714285714285715,0.0,0.03571428571428571,0.0,0.0,0.0,0.0
21000N2_ddec.cif,517.9297404235421,0.0,0.0,0.55,0.3,0.0,0.1,0.0,0.0,0.05,0.0
21010N2_ddec.cif,415.6108137347689,0.0,0.046511627906976744,0.5813953488372093,0.32558139534883723,0.0,0.046511627906976744,0.0,0.0,0.0,0.0
21011N2_ddec.cif,407.06721473676504,0.0,0.041666666666666664,0.5416666666666666,0.375,0.0,0.041666666666666664,0.0,0.0,0.0,0.0
21012N2_ddec.cif,416.4959535820409,0.0,0.0851063829787234,0.5319148936170213,0.3404255319148936,0.0,0.0425531914893617,0.0,0.0,0.0,0.0
21013N2_ddec.cif,396.9305166789292,0.0,0.08,0.52,0.36,0.0,0.04,0.0,0.0,0.0,0.0
21014N2_ddec.cif,399.5786970827816,0.0,0.04,0.52,0.4,0.0,0.04,0.0,0.0,0.0,0.0
21020N2_ddec.cif,487.9297646158921,0.0,0.0,0.532608695652174,0.43478260869565216,0.0,0.03260869565217391,0.0,0.0,0.0,0.0
21021N2_ddec.cif,647.1816012677979,0.0,0.0,0.5,0.4625,0.0,0.0375,0.0,0.0,0.0,0.0
21030N2_ddec.cif,613.1168135517179,0.0,0.0,0.5925925925925926,0.37037037037037035,0.0,0.037037037037037035,0.0,0.0,0.0,0.0
21031N2_ddec.cif,727.0006547491673,0.0,0.0,0.5925925925925926,0.37037037037037035,0.0,0.037037037037037035,0.0,0.0,0.0,0.0
21032N2_ddec.cif,565.4575615265875,0.0,0.0,0.5925925925925926,0.37037037037037035,0.0,0.037037037037037035,0.0,0.0,0.0,0.0
21033N2_ddec.cif,675.2556645128683,0.0,0.0,0.5925925925925926,0.37037037037037035,0.0,0.037037037037037035,0.0,0.0,0.0,0.0
21034N2_ddec.cif,682.4746954259568,0.0,0.0,0.5925925925925926,0.37037037037037035,0.0,0.037037037037037035,0.0,0.0,0.0,0.0
21035N2_ddec.cif,683.5543298695696,0.0,0.0,0.5925925925925926,0.37037037037037035,0.0,0.037037037037037035,0.0,0.0,0.0,0.0
21040N3_ddec.cif,1100.3435267505242,0.0,0.03305785123966942,0.5702479338842975,0.3305785123966942,0.0,0.03305785123966942,0.0,0.0,0.03305785123966942,0.0
21041N3_ddec.cif,895.1787203238623,0.0,0.028368794326241134,0.574468085106383,0.3404255319148936,0.0,0.028368794326241134,0.0,0.0,0.028368794326241134,0.0
21050N2_ddec.cif,392.14033710416294,0.0,0.03529411764705882,0.5647058823529412,0.3764705882352941,0.0,0.023529411764705882,0.0,0.0,0.0,0.0
21051N2_ddec.cif,549.2722877080992,0.0,0.031578947368421054,0.5684210526315789,0.37894736842105264,0.0,0.021052631578947368,0.0,0.0,0.0,0.0
21052N2_ddec.cif,406.09250292864976,0.0,0.033707865168539325,0.5393258426966292,0.4044943820224719,0.0,0.02247191011235955,0.0,0.0,0.0,0.0
21053N2_ddec.cif,379.94171581874457,0.0,0.030303030303030304,0.5454545454545454,0.40404040404040403,0.0,0.020202020202020204,0.0,0.0,0.0,0.0
21060N2_ddec.cif,614.5793612710554,0.0,0.029411764705882353,0.5294117647058824,0.35294117647058826,0.0,0.08823529411764706,0.0,0.0,0.0,0.0
21070N2_ddec.cif,915.2240966224826,0.0,0.18181818181818182,0.5454545454545454,0.18181818181818182,0.0,0.09090909090909091,0.0,0.0,0.0,0.0
21071N2_ddec.cif,891.8595752090805,0.0,0.15625,0.5625,0.1875,0.0,0.09375,0.0,0.0,0.0,0.0
21072N2_ddec.cif,836.9348963638157,0.0,0.12903225806451613,0.5806451612903226,0.1935483870967742,0.0,0.0967741935483871,0.0,0.0,0.0,0.0
21073N2_ddec.cif,798.2798080521367,0.0,0.1,0.6,0.2,0.0,0.1,0.0,0.0,0.0,0.0
21080N2_ddec.cif,458.85951986952745,0.0,0.09090909090909091,0.5909090909090909,0.2727272727272727,0.0,0.045454545454545456,0.0,0.0,0.0,0.0
21081N2_ddec.cif,572.5977675604618,0.0,0.10344827586206896,0.5689655172413793,0.25862068965517243,0.0,0.06896551724137931,0.0,0.0,0.0,0.0
21082N2_ddec.cif,489.04573930047167,0.0,0.08,0.6,0.28,0.0,0.04,0.0,0.0,0.0,0.0
21090N3_ddec.cif,1285.514063159374,0.0,0.03418803418803419,0.5384615384615384,0.39316239316239315,0.0,0.03418803418803419,0.0,0.0,0.0,0.0
21091N3_ddec.cif,1062.7293200986744,0.0,0.03418803418803419,0.5384615384615384,0.39316239316239315,0.0,0.03418803418803419,0.0,0.0,0.0,0.0
21100N2_ddec.cif,398.4658345668016,0.0,0.0,0.6111111111111112,0.3055555555555556,0.0,0.05555555555555555,0.013888888888888888,0.0,0.013888888888888888,0.0
21101N2_ddec.cif,432.60832631392043,0.0,0.0,0.6111111111111112,0.2916666666666667,0.0,0.05555555555555555,0.013888888888888888,0.0,0.027777777777777776,0.0
21110N3_ddec.cif,344.3613932687193,0.0,0.0,0.5842696629213483,0.34831460674157305,0.0,0.06741573033707865,0.0,0.0,0.0,0.0
21111N3_ddec.cif,557.2879819446566,0.0,0.0,0.5167785234899329,0.46308724832214765,0.0,0.020134228187919462,0.0,0.0,0.0,0.0
21120N2_ddec.cif,386.5272465928373,0.0,0.07272727272727272,0.4909090909090909,0.36363636363636365,0.0,0.07272727272727272,0.0,0.0,0.0,0.0
21130N2_ddec.cif,585.21263596265,0.0,0.027777777777777776,0.5277777777777778,0.3611111111111111,0.0,0.08333333333333333,0.0,0.0,0.0,0.0
21131N2_ddec.cif,623.1844598553347,0.0,0.0661764705882353,0.4632352941176471,0.39705882352941174,0.0,0.07352941176470588,0.0,0.0,0.0,0.0
21140N2_ddec.cif,801.2479009777625,0.0,0.017543859649122806,0.5614035087719298,0.3508771929824561,0.0,0.07017543859649122,0.0,0.0,0.0,0.0
21150N2_ddec.cif,987.8858428073708,0.0,0.15,0.325,0.45,0.0,0.05,0.0,0.025,0.0,0.0
21170N2_ddec.cif,415.88917690589653,0.0,0.0,0.5294117647058824,0.39215686274509803,0.0,0.0784313725490196,0.0,0.0,0.0,0.0
21180N2_ddec.cif,582.2049801127828,0.0,0.0,0.5,0.3333333333333333,0.0,0.1111111111111111,0.05555555555555555,0.0,0.0,0.0
21181N2_ddec.cif,433.9795386668051,0.0,0.0,0.5294117647058824,0.35294117647058826,0.0,0.11764705882352941,0.0,0.0,0.0,0.0
21190N2_ddec.cif,317.2643248148646,0.0,0.05357142857142857,0.5178571428571429,0.3392857142857143,0.0,0.08928571428571429,0.0,0.0,0.0,0.0
21191N2_ddec.cif,327.8507549672893,0.0,0.06521739130434782,0.5,0.32608695652173914,0.0,0.10869565217391304,0.0,0.0,0.0,0.0
21200N2_ddec.cif,520.4291393242469,0.0,0.037037037037037035,0.5555555555555556,0.3333333333333333,0.0,0.07407407407407407,0.0,0.0,0.0,0.0
21201N2_ddec.cif,579.2202544139632,0.0,0.03636363636363636,0.5454545454545454,0.34545454545454546,0.0,0.07272727272727272,0.0,0.0,0.0,0.0
21220N2_ddec.cif,495.5141839772465,0.0,0.030303030303030304,0.5757575757575758,0.3333333333333333,0.0,0.06060606060606061,0.0,0.0,0.0,0.0
21230N2_ddec.cif,474.18134220268604,0.0,0.05217391304347826,0.41739130434782606,0.46956521739130436,0.0,0.06086956521739131,0.0,0.0,0.0,0.0
21250N2_ddec.cif,739.0179913010754,0.0,0.047619047619047616,0.47619047619047616,0.3333333333333333,0.0,0.14285714285714285,0.0,0.0,0.0,0.0
21251N2_ddec.cif,523.4319172182373,0.0,0.06666666666666667,0.4666666666666667,0.3333333333333333,0.0,0.13333333333333333,0.0,0.0,0.0,0.0
21260N2_ddec.cif,581.9799907449201,0.0,0.0,0.5797101449275363,0.30434782608695654,0.0,0.08695652173913043,0.028985507246376812,0.0,0.0,0.0
21270N3_ddec.cif,1052.215462435787,0.0,0.01834862385321101,0.5596330275229358,0.3853211009174312,0.0,0.03669724770642202,0.0,0.0,0.0,0.0
21271N3_ddec.cif,724.3437538729803,0.0,0.0,0.5867768595041323,0.38016528925619836,0.0,0.03305785123966942,0.0,0.0,0.0,0.0
21280N3_ddec.cif,334.81386080072144,0.0,0.057692307692307696,0.5,0.358974358974359,0.0,0.08333333333333333,0.0,0.0,0.0,0.0
21290N2_ddec.cif,432.8587747721083,0.0,0.0,0.5737704918032787,0.36065573770491804,0.0,0.03278688524590164,0.03278688524590164,0.0,0.0,0.0
21291N3_ddec.cif,377.3872289007597,0.0,0.0,0.5612903225806452,0.34838709677419355,0.0,0.05161290322580645,0.03870967741935484,0.0,0.0,0.0
21310N2_ddec.cif,436.6504593748918,0.0,0.0,0.6229508196721312,0.3442622950819672,0.0,0.03278688524590164,0.0,0.0,0.0,0.0
21311N3_ddec.cif,418.2585991726525,0.0,0.0,0.6229508196721312,0.3442622950819672,0.0,0.03278688524590164,0.0,0.0,0.0,0.0
21312N2_ddec.cif,242.28298050739696,0.0,0.0,0.6071428571428571,0.35714285714285715,0.0,0.03571428571428571,0.0,0.0,0.0,0.0
21313N3_ddec.cif,250.06015752264756,0.0,0.0,0.6071428571428571,0.35714285714285715,0.0,0.03571428571428571,0.0,0.0,0.0,0.0
21314N2_ddec.cif,370.3070981473784,0.0,0.0,0.5970149253731343,0.34328358208955223,0.0,0.05970149253731343,0.0,0.0,0.0,0.0
21315N3_ddec.cif,398.7191618965672,0.0,0.0,0.5970149253731343,0.34328358208955223,0.0,0.05970149253731343,0.0,0.0,0.0,0.0
21320N2_ddec.cif,553.4274756485754,0.0,0.0,0.6101694915254238,0.3220338983050847,0.0,0.06779661016949153,0.0,0.0,0.0,0.0
