crystal_name,pore_diameter_Å,void_fraction,surface_area_m²g⁻¹,crystal_density,density_of_Carbon,density_of_Hydrogen,density_of_Oxygen,density_of_Nitrogen,density_of_Silicon,density_of_Sulfur,density_of_Boron,density_of_Phosphorus,density_of_Halogens,density_of_Metals
05000N2_ddec.cif,3.84928,0.2,4175.64,1049.36734440269,0.0292303249805187,0.0194868833203458,0.0097434416601729,0.0,0.0,0.0,0.0097434416601729,0.0,0.0,0.0
05001N2_ddec.cif,19.7302,0.6,3156.96,585.4772095119,0.02048075165071029,0.009102556289204573,0.0045512781446022865,0.0,0.0,0.0,0.0022756390723011432,0.0,0.0,0.0
07000N2_ddec.cif,26.16246,0.8,3407.23,458.05448366779876,0.017152359909183883,0.008576179954591942,0.0028587266515306474,0.0,0.0,0.0,0.0014293633257653237,0.0,0.0,0.0
07001N2_ddec.cif,7.82083,0.4,2565.59,1100.2199764927752,0.03734902236716626,0.014005883387687348,0.009337255591791565,0.0,0.0,0.0,0.004668627795895782,0.0,0.0,0.0
07002N2_ddec.cif,14.84694,0.4,3345.75,703.1143859606678,0.027190564661993884,0.013595282330996942,0.0038843663802848403,0.0,0.0,0.0,0.0019421831901424201,0.0,0.0,0.0
07010N3_ddec.cif,9.33026,0.7,5261.66,421.6797840757804,0.014985827462805409,0.009590929576195461,0.0023977323940488652,0.0,0.0,0.0,0.0023977323940488652,0.0,0.0,0.0
07011N3_ddec.cif,9.94867,0.7,5452.36,383.1168353325901,0.012592911412491161,0.008395274274994107,0.0020988185687485267,0.0,0.0005247046421871317,0.0,0.0020988185687485267,0.0,0.0,0.0
07012N3_ddec.cif,18.94596,0.9,5335.37,180.98115721860594,0.006539128702585815,0.0032695643512929075,0.0010898547837643025,0.0,0.0001362318479705378,0.0,0.0005449273918821513,0.0,0.0,0.0
07013N3_ddec.cif,27.19302,0.9,5190.06,171.07457191644215,0.006439347600103796,0.0031539661714794108,0.0010513220571598035,0.0,0.0,0.0,0.0005256610285799018,0.0,0.0,0.0
08000N3_ddec.cif,10.04139,0.6,5593.85,519.9785160557099,0.015624071222295893,0.017522322866126237,0.0035044645732252473,0.0,0.001168154857741749,0.0,0.0017522322866126237,0.0,0.0,0.0
08010N2_ddec.cif,4.7838,0.2,3845.42,1143.1491213329991,0.03747553685607325,0.03747553685607325,0.009368884214018313,0.0,0.0,0.0,0.004684442107009156,0.0,0.0,0.0
08011N2_ddec.cif,7.51918,0.4,3597.55,988.3273845164592,0.031341455418777406,0.026864104644666348,0.008954701548222116,0.0,0.0,0.0,0.004477350774111058,0.0,0.0,0.0
08012N2_ddec.cif,9.8332,0.5,3440.67,874.699774499947,0.02658020418007069,0.01772013612004713,0.008860068060023565,0.0,0.0,0.0,0.004430034030011782,0.0,0.0,0.0
08013N2_ddec.cif,13.08046,0.5,3172.89,756.001038154494,0.02170471331861589,0.008681885327446355,0.008681885327446355,0.0,0.0,0.0,0.0043409426637231775,0.0,0.0,0.0
08020N2_ddec.cif,7.90088,0.4,3426.45,1002.363374568802,0.037688835182600786,0.018844417591300393,0.0,0.009422208795650196,0.0,0.0,0.0,0.0,0.0,0.0
08030N2_ddec.cif,24.73597,0.9,3155.66,518.3364974584679,0.02013800956852187,0.008630575529366516,0.0028768585097888387,0.0,0.0,0.0,0.0014384292548944193,0.0,0.0,0.0
09000N3_ddec.cif,9.64438,0.5,6170.58,501.0455191496647,0.021452168583613825,0.014650261471736271,0.0,0.0020928944959623247,0.0,0.0,0.0,0.0,0.0,0.0
09010N2_ddec.cif,13.63753,0.7,4854.78,731.008729015671,0.02774641483055949,0.013873207415279745,0.003468301853819936,0.0,0.0,0.0,0.003468301853819936,0.0,0.0,0.0
10000N2_ddec.cif,8.64115,0.4,3109.4,960.475216280665,0.038952594238452334,0.019476297119226167,0.0,0.006492099039742056,0.0,0.0,0.0,0.0,0.0,0.0
10010N2_ddec.cif,14.38798,0.7,3069.22,759.4614624670429,0.02424823777763525,0.00991973363630533,0.004408770505024591,0.004408770505024591,0.0,0.0,0.0022043852525122955,0.0,0.0,0.0
10020N2_ddec.cif,14.12635,0.5,3979.62,635.8506933238112,0.030292579340051726,0.01893286208753233,0.0,0.0,0.0,0.0,0.0,0.0,0.0,0.0
11000N2_ddec.cif,13.36177,0.8,5031.74,596.6174211083564,0.018250500606281746,0.018250500606281746,0.004055666801395944,0.004055666801395944,0.0,0.0,0.0,0.0,0.0,0.0
11001N2_ddec.cif,6.3075,0.4,5519.54,736.428622342699,0.02252731908763301,0.02252731908763301,0.0050060709083628915,0.0050060709083628915,0.0,0.0,0.0,0.0,0.0,0.0
11002N2_ddec.cif,27.2536,0.8,4084.94,427.07625511220937,0.015231887528955695,0.013200969191761601,0.0020309183371940926,0.0020309183371940926,0.0,0.0,0.0,0.0,0.0,0.0
11003N2_ddec.cif,13.11535,0.9,5982.33,493.234361703798,0.017591449379255657,0.015245922795354904,0.0023455265839007543,0.0023455265839007543,0.0,0.0,0.0,0.0,0.0,0.0
11010N2_ddec.cif,11.44013,0.6,2471.66,935.5220420910194,0.024721948316142994,0.006742349540766271,0.004494899693844181,0.006742349540766271,0.0,0.0011237249234610453,0.0022474498469220905,0.0,0.0,0.0005618624617305226
11020N2_ddec.cif,12.79729,0.4,4523.6,618.7741305717103,0.02481399712205637,0.016542664748037582,0.0,0.0041356661870093955,0.0,0.0,0.0,0.0,0.0,0.0
11030N2_ddec.cif,15.41679,1.0,4725.53,552.1291332496619,0.022904775317711772,0.014506357701217455,0.0,0.0030539700423615696,0.0,0.0,0.0,0.0,0.0,0.0
11031N2_ddec.cif,26.63908,0.6,5465.75,299.75730659784097,0.011498596676525332,0.0060687038014994804,0.001277621852947259,0.0006388109264736295,0.0,0.0,0.0006388109264736295,0.0,0.0,0.0
11040N2_ddec.cif,32.93058,0.9,3866.0,344.50336577434973,0.013384378893573282,0.005736162382959978,0.0019120541276533261,0.0,0.0,0.0,0.0009560270638266631,0.0,0.0,0.0
12000N2_ddec.cif,13.44419,0.6,3476.07,741.1023105794659,0.025238093364610734,0.016825395576407155,0.004206348894101789,0.004206348894101789,0.0,0.0,0.0,0.0,0.0,0.0
12001N2_ddec.cif,10.58897,0.4,3421.88,848.4612290294345,0.029773810661927743,0.02552040913879521,0.004253401523132535,0.004253401523132535,0.0,0.0,0.0,0.0,0.0,0.0
12010N2_ddec.cif,19.07485,0.6,3862.11,598.505263263236,0.021700798275066626,0.011625427647357122,0.0031001140392952326,0.0015500570196476163,0.0,0.0,0.0015500570196476163,0.0,0.0,0.0
12011N2_ddec.cif,19.15145,0.6,3605.82,639.6714196712348,0.02171412041396757,0.010857060206983784,0.003102017201995367,0.0015510086009976835,0.0,0.0,0.0015510086009976835,0.0,0.0,0.00038775215024942087
12012N2_ddec.cif,19.12853,0.6,3576.4,641.1875824848518,0.021805842563791193,0.010902921281895597,0.003115120366255885,0.0015575601831279424,0.0,0.0,0.0015575601831279424,0.0,0.0,0.0003893900457819856
12020N2_ddec.cif,15.82596,0.6,2752.84,747.6625846801393,0.025243078872756976,0.009466154577283866,0.003155384859094622,0.003155384859094622,0.0,0.0,0.001577692429547311,0.0,0.0,0.00039442310738682776
12022N2_ddec.cif,24.06552,0.7,3464.43,521.6055352846575,0.017610791201074005,0.006604046700402753,0.0022013489001342507,0.0022013489001342507,0.0,0.0,0.0011006744500671253,0.0,0.0,0.00027516861251678133
12023N2_ddec.cif,24.58257,0.7,2918.38,576.8120965066661,0.018539665248208312,0.007062729618365071,0.0035313648091825356,0.0026485236068869017,0.0,0.0,0.0008828412022956339,0.0,0.0,0.00022071030057390847
12024N2_ddec.cif,28.05485,0.7,3654.65,463.048859547114,0.016381147441575608,0.00689732523855815,0.0017243313096395375,0.0017243313096395375,0.0,0.0,0.0008621656548197687,0.0,0.0,0.00021554141370494219
12030N2_ddec.cif,16.84676,0.5,2687.53,721.9460453983645,0.02126930314535063,0.0070897677151168775,0.004726511810077918,0.002363255905038959,0.0,0.0011816279525194795,0.002363255905038959,0.0,0.0,0.0
12040N2_ddec.cif,19.14047,0.4,3090.26,643.5066899099926,0.022935525428350895,0.013761315257010536,0.004587105085670179,0.0,0.0,0.0,0.0022935525428350893,0.0,0.0,0.0
12050N2_ddec.cif,9.46302,0.4,4054.52,832.5241229221701,0.031593797721778644,0.023695348291333986,0.0,0.0039492247152223305,0.0,0.0,0.0039492247152223305,0.0,0.0,0.0
12060N2_ddec.cif,14.61678,0.6,2698.45,818.4877175819538,0.02427910784449052,0.008828766488905643,0.004414383244452822,0.004414383244452822,0.0,0.0,0.002207191622226411,0.0,0.0,0.0005517979055566027
12061N2_ddec.cif,14.54875,0.6,2703.24,819.3055699818249,0.024353368718161114,0.008855770442967679,0.004427885221483839,0.004427885221483839,0.0,0.0,0.0022139426107419197,0.0,0.0,0.0005534856526854799
12062N2_ddec.cif,14.29827,0.6,2561.33,839.4647119423718,0.025082377796358676,0.009120864653221337,0.004560432326610669,0.004560432326610669,0.0,0.0,0.0022802161633053344,0.0,0.0,0.0005700540408263336
13000N2_ddec.cif,6.37954,0.4,1998.14,1580.577158511439,0.038056213586613666,0.0,0.0,0.009514053396653416,0.0,0.0,0.0,0.0,0.019028106793306833,0.0
13010N2_ddec.cif,26.46291,0.6,2997.66,579.1209736927893,0.02324528845389627,0.010938959272421774,0.0027347398181054436,0.0,0.0,0.0,0.0013673699090527218,0.0,0.0,0.0
13011N2_ddec.cif,31.02732,0.6,3024.28,506.3740376395071,0.021155101826621402,0.009615955375737001,0.0019231910751474003,0.0,0.0,0.0,0.0009615955375737002,0.0,0.0,0.0
13012N2_ddec.cif,32.66085,0.6,2974.98,470.364621264556,0.019328360856061974,0.009664180428030987,0.0019328360856061975,0.0,0.0,0.0,0.0009664180428030988,0.0,0.0,0.0
13020N2_ddec.cif,27.27431,0.8,5377.82,273.997541325938,0.009748685238544637,0.004706261839297412,0.0020169693596988904,0.0,0.0,0.0,0.0010084846798494452,0.0,0.0,0.0
13030N2_ddec.cif,2.94547,0.3,3776.51,1448.0137905860847,0.05124799532074904,0.017082665106916348,0.0,0.017082665106916348,0.0,0.0,0.0,0.0,0.0,0.0
13040N3_ddec.cif,6.16039,0.1,4025.31,1012.5831349657851,0.04434060571536204,0.03011814727835912,0.0,0.0033464608087065686,0.0,0.0,0.0,0.0,0.0,0.0
13050N2_ddec.cif,18.42693,0.7,3228.94,644.5764817150317,0.022679992705392643,0.011339996352696322,0.004535998541078529,0.0022679992705392643,0.0,0.0,0.0,0.0,0.0,0.0
13060N2_ddec.cif,11.54845,0.3,4556.08,669.1791482778345,0.029034558343066216,0.01715678447544822,0.0,0.0026395053039151104,0.0,0.0,0.0,0.0,0.0,0.0
13070N2_ddec.cif,17.38774,0.7,3271.18,705.9054525502447,0.02022735756495603,0.011237420869420017,0.00674245252165201,0.004494968347768007,0.0,0.0,0.0,0.0,0.0,0.0
13071N2_ddec.cif,17.57051,0.6,3662.63,605.2015013137313,0.023041388494057437,0.01843311079524595,0.002304138849405744,0.002304138849405744,0.0,0.0,0.0,0.0,0.0,0.0
13072N2_ddec.cif,19.94726,0.5,3512.77,598.1818247123351,0.02036948097398378,0.01584292964643183,0.0022632756637759755,0.004526551327551951,0.0,0.0,0.0,0.0,0.0,0.0
13073N2_ddec.cif,17.33898,0.7,3208.64,711.6166037006766,0.020391007662869238,0.01132833759048291,0.006797002554289746,0.004531335036193164,0.0,0.0,0.0,0.0,0.0,0.0
13074N2_ddec.cif,16.23125,0.5,3726.43,671.6578467540328,0.02322259088366017,0.01857807270692814,0.004644518176732035,0.0023222590883660173,0.0,0.0,0.0,0.0,0.0,0.0
13075N2_ddec.cif,12.84025,0.4,3103.96,843.3049954597537,0.02455507413469981,0.012277537067349905,0.004092512355783302,0.004092512355783302,0.0,0.0,0.0,0.0,0.004092512355783302,0.0
13076N2_ddec.cif,12.45606,0.4,2748.46,973.678975263511,0.02476144060113195,0.008253813533710649,0.0041269067668553245,0.0041269067668553245,0.0,0.0,0.0,0.0,0.008253813533710649,0.0
13077N2_ddec.cif,11.27834,0.4,3195.27,878.2304851647255,0.024675552990795827,0.014394072577964233,0.008225184330265275,0.006168888247698957,0.0,0.0,0.0,0.0,0.0,0.0
13078N2_ddec.cif,10.54691,0.5,3553.36,923.7637987821721,0.022840881908978466,0.015227254605985644,0.009517034128741027,0.003806813651496411,0.0,0.0019034068257482056,0.0,0.0,0.0,0.0
13080N2_ddec.cif,15.17518,0.4,2637.31,797.1442649846446,0.03340270718428327,0.011929538280101168,0.0,0.004771815312040468,0.0,0.0,0.0,0.0,0.0,0.0
13090N2_ddec.cif,22.02192,0.7,2946.55,577.5082836650929,0.016828700667118054,0.005609566889039351,0.0037397112593595674,0.0,0.0,0.0018698556296797837,0.0018698556296797837,0.0,0.0,0.0
13100N2_ddec.cif,19.07895,0.5,5043.07,482.25693871428894,0.02131827881094471,0.012943240706645003,0.0,0.0015227342007817651,0.0,0.0,0.0,0.0,0.0,0.0
13110N2_ddec.cif,11.58627,0.6,4510.97,740.9371934974962,0.02600086748078586,0.01400046710503854,0.00200006672929122,0.00400013345858244,0.0,0.0,0.0,0.0,0.0,0.000500016682322805
13120N2_ddec.cif,13.52573,0.5,4932.09,661.1749881244302,0.02830405915962396,0.01741788255976859,0.0,0.0029029804266280986,0.0,0.0,0.0,0.0,0.0,0.0
13121N2_ddec.cif,19.5919,0.5,4514.47,526.655991056353,0.02326885986680929,0.01469612202114271,0.0,0.0016329024467936345,0.0,0.0,0.0,0.0,0.0,0.0
13122N2_ddec.cif,27.50463,0.7,4986.05,402.5852174035301,0.0188681331280587,0.012336856276038382,0.0,0.00024189914266741926,0.0,0.0,0.0,0.0,0.0,0.0
13123N2_ddec.cif,17.75202,0.5,3855.95,616.948939552543,0.022266103582077507,0.011719001885303951,0.0,0.0039063339617679835,0.0,0.001171900188530395,0.0,0.0,0.0,0.0
13130N2_ddec.cif,39.76837,0.7,3302.71,377.99636685559636,0.013304516121894107,0.005601901525008045,0.0028009507625040226,0.0007002376906260056,0.0,0.0,0.0007002376906260056,0.0,0.0,0.0
13140N2_ddec.cif,6.47206,0.4,2978.36,1132.1644036223831,0.020090847175106268,0.010045423587553134,0.010045423587553134,0.0,0.0,0.005022711793776567,0.010045423587553134,0.0,0.0,0.0
13141N2_ddec.cif,12.68633,0.6,3272.44,818.4326091043419,0.018097979296959662,0.009048989648479831,0.0045244948242399155,0.0,0.0,0.0045244948242399155,0.0045244948242399155,0.0,0.0,0.0
13142N2_ddec.cif,9.61708,0.3,2772.44,1011.7880809125259,0.019057820459085616,0.006352606819695205,0.006352606819695205,0.0,0.0,0.006352606819695205,0.006352606819695205,0.0,0.0,0.0
13150N2_ddec.cif,19.52597,0.5,3763.06,553.3779516270189,0.020806572042478558,0.013871048028319038,0.002311841338053173,0.002311841338053173,0.0,0.0,0.0,0.0,0.0,0.0
13160N2_ddec.cif,19.47383,0.6,4947.73,498.72814370770686,0.019324330114559456,0.011594598068735675,0.0,0.0025765773486079277,0.0,0.0,0.0,0.0,0.0,0.00032207216857599096
13161N2_ddec.cif,18.82862,0.8,5054.14,421.1309171966766,0.014135949786433429,0.006596776567002267,0.0,0.0018847933048577903,0.0,0.0,0.0,0.0,0.0018847933048577903,0.0002355991631072238
13170N2_ddec.cif,22.12427,0.7,3236.24,596.8683495261597,0.02158313715066782,0.011241217265972823,0.0017985947625556518,0.0035971895251113036,0.0,0.0,0.0008992973812778259,0.0,0.0,0.0
13180N3_ddec.cif,5.26001,0.3,4138.04,1036.8033613594962,0.03576710222484234,0.0228909454238991,0.005722736355974775,0.005722736355974775,0.0,0.0,0.0,0.0,0.0,0.0
13181N3_ddec.cif,5.7244,0.6,4836.06,938.0614687729349,0.029962697157315105,0.01997513143821007,0.004993782859552517,0.004993782859552517,0.0012484457148881293,0.0,0.0,0.0,0.0,0.0
13182N3_ddec.cif,5.82992,0.2,3784.84,1057.8164077833987,0.038912465326274584,0.032045559680461425,0.004577937097208775,0.004577937097208775,0.0,0.0,0.0,0.0,0.0,0.0
13190N2_ddec.cif,11.69991,0.5,4097.44,884.3962795826319,0.03469418554391967,0.02891182128659972,0.0028911821286599724,0.0028911821286599724,0.0,0.0,0.0,0.0,0.0,0.0
13191N2_ddec.cif,20.8581,0.4,4249.16,576.395489494332,0.02342598118137418,0.018740784945099346,0.001561732078758279,0.001561732078758279,0.0,0.0,0.0,0.0,0.0,0.0
14000N2_ddec.cif,8.39122,0.4,4308.36,794.461178236718,0.027573068172172078,0.01838204544811472,0.0,0.00919102272405736,0.0,0.0,0.0,0.0,0.0,0.0
14010N2_ddec.cif,14.00374,0.5,4523.47,703.9437377892472,0.02812452956705811,0.015962570835357306,0.0,0.0015202448414626006,0.0,0.0015202448414626006,0.0,0.0,0.0,0.0
14020N2_ddec.cif,25.72078,0.5,5621.32,470.2876743927517,0.020205559647706234,0.013470373098470824,0.0,0.0019243390140672605,0.0,0.0,0.0,0.0,0.0,0.0
14030N2_ddec.cif,34.64499,0.8,3388.38,413.7884874967164,0.015791740603173156,0.008613676692639904,0.0014356127821066507,0.0014356127821066507,0.0,0.0,0.0007178063910533253,0.0,0.0,0.0
14040N2_ddec.cif,27.51614,0.8,4152.05,434.09161437678324,0.015543952721662238,0.012435162177329791,0.002072527029554965,0.002072527029554965,0.0,0.0,0.0,0.0,0.0,0.0
14050N3_ddec.cif,12.26567,0.7,6001.19,393.4810180560052,0.018532701072871072,0.014255923902208518,0.0,0.0,0.0,0.0,0.0,0.0,0.0,0.0
14051N3_ddec.cif,12.97507,0.7,4835.58,489.078366468525,0.016022155901065465,0.014565596273695879,0.0029131192547391755,0.0029131192547391755,0.0,0.0,0.0,0.0,0.0,0.0
14060N2_ddec.cif,17.55621,0.7,4456.14,566.7931640959288,0.020524434108378155,0.012493133805099747,0.0,0.0017847334007285351,0.0,0.0017847334007285351,0.0,0.0,0.0,0.0
14070N2_ddec.cif,23.45999,0.3,4837.05,466.21199467964897,0.019551491213149946,0.01160869790780778,0.0,0.0024439364016437433,0.0,0.0,0.0,0.0,0.0,0.0
14071N2_ddec.cif,21.06284,0.4,4042.38,513.816302129314,0.02154786884699816,0.012794047127905156,0.0,0.00269348360587477,0.0,0.0,0.0,0.0,0.0,0.0
14072N2_ddec.cif,19.54346,0.3,5321.96,429.6919060348103,0.017524536141204677,0.01063989694287427,0.00125175258151462,0.00125175258151462,0.0,0.0,0.0,0.0,0.0,0.0
14073N2_ddec.cif,18.78344,0.5,4873.59,493.0455874070645,0.020108349946616432,0.01220864103901712,0.0014363107104726023,0.0014363107104726023,0.0,0.0,0.0,0.0,0.0,0.0
14080N2_ddec.cif,33.53272,0.9,4944.36,363.6748296489566,0.012696696465239196,0.006348348232619598,0.002116116077539866,0.001058058038769933,0.0,0.0,0.001058058038769933,0.0,0.0,0.0
14090N2_ddec.cif,22.42674,0.7,3895.15,490.2217098962578,0.01679957466264263,0.011199716441761754,0.0018666194069602922,0.0037332388139205844,0.0,0.0,0.0,0.0,0.0,0.0
14091N2_ddec.cif,22.64298,0.7,3754.64,480.04770025877053,0.018472687981542845,0.011699369054977135,0.0018472687981542844,0.0018472687981542844,0.0,0.0,0.0,0.0,0.0,0.0
15000N2_ddec.cif,3.5094,0.3,3195.31,1610.7018276727147,0.05101424466820986,0.0,0.0,0.02550712233410493,0.0,0.0,0.0,0.0,0.0,0.0
15010N2_ddec.cif,19.95355,0.6,4532.31,514.8015680679351,0.023175978595396152,0.013519320847314423,0.0,0.0012875543664108975,0.0,0.0,0.0,0.0,0.0,0.0
15020N2_ddec.cif,24.40121,0.6,4762.51,425.59933277591455,0.015725608402703366,0.010319930514274083,0.0009828505251689604,0.002948551575506881,0.0,0.0,0.0,0.0,0.0,0.0
15021N2_ddec.cif,21.57123,0.7,5011.69,492.02092323812593,0.01691563039557604,0.009585523890826423,0.0022554173860768055,0.0033831260791152085,0.0,0.0,0.0,0.0,0.0,0.0
15030N2_ddec.cif,16.9014,0.6,4100.75,555.4451368903248,0.021715220239656167,0.014476813493104111,0.001447681349310411,0.001447681349310411,0.0,0.0,0.001447681349310411,0.0,0.0,0.0
15031N2_ddec.cif,23.46204,0.8,3896.39,463.3848340991926,0.018248299860167367,0.010427599920095638,0.0017379333200159398,0.0008689666600079699,0.0,0.0,0.0008689666600079699,0.0,0.0,0.0
15040N2_ddec.cif,11.20659,0.5,4299.53,707.7326477289627,0.030606301183097144,0.019476737116516363,0.0,0.0027823910166451947,0.0,0.0,0.0,0.0,0.0,0.0
15050N2_ddec.cif,7.95629,0.4,3172.07,1044.1562707391874,0.027719381094298227,0.018479587396198816,0.009239793698099408,0.009239793698099408,0.0,0.0,0.0,0.0,0.0,0.0
15060N2_ddec.cif,12.51933,0.3,4310.27,668.2319708938052,0.02598932669671344,0.01732621779780896,0.0,0.005197865339342688,0.0,0.0,0.0,0.0,0.0,0.0
15061N2_ddec.cif,15.21097,0.3,4673.97,558.732947316586,0.02231963334895655,0.0131291960876215,0.0,0.00393875882628645,0.0,0.0,0.0,0.0,0.0,0.0
15070N2_ddec.cif,25.54078,0.7,4116.93,439.0567918288186,0.01741442878273307,0.011609619188488714,0.0014512023985610893,0.0014512023985610893,0.0,0.0,0.0,0.0,0.0,0.0
15071N2_ddec.cif,25.2114,0.7,3862.89,452.9904710355154,0.01796708408551466,0.011978056057009773,0.0014972570071262216,0.0014972570071262216,0.0,0.0,0.0,0.0,0.0,0.0
15072N2_ddec.cif,16.31818,0.8,4216.7,612.7678428397282,0.023629447151579264,0.01575296476771951,0.001575296476771951,0.003150592953543902,0.0,0.0,0.0,0.0,0.0,0.0
15080N2_ddec.cif,10.5938,0.9,5054.88,643.0740961342219,0.022403386116893707,0.016102433771517353,0.0042006348969175706,0.0014002116323058567,0.0,0.0,0.0014002116323058567,0.0,0.0,0.0
15081N2_ddec.cif,17.20752,0.4,4450.21,586.6112640636815,0.02266957290009387,0.01435739617005945,0.001511304860006258,0.003022609720012516,0.0,0.0,0.0,0.0,0.0,0.0
15090N2_ddec.cif,17.3466,0.8,4957.97,544.3468831363607,0.02103626729687037,0.0133229692880179,0.001402417819791358,0.002804835639582716,0.0,0.0,0.0,0.0,0.0,0.0
15091N2_ddec.cif,12.82588,0.7,4363.83,660.0420193843727,0.02561545240853227,0.019211589306399206,0.001600965775533267,0.003201931551066534,0.0,0.0,0.0,0.0,0.0,0.0
15100N2_ddec.cif,31.49759,0.8,3796.09,414.86204407711676,0.01487006619820264,0.00743503309910132,0.0021242951711718055,0.0021242951711718055,0.0,0.0,0.0,0.0,0.0,0.0
15101N2_ddec.cif,19.15734,0.5,3095.89,714.3084688698003,0.019651171638225575,0.00736918936433459,0.00736918936433459,0.004912792909556394,0.0,0.0,0.0,0.0,0.0,0.0
15110N2_ddec.cif,24.01167,0.7,3534.48,489.61644045276637,0.018123640668612863,0.006590414788586495,0.0032952073942932474,0.0,0.0,0.0,0.0016476036971466237,0.0,0.0,0.0
15111N2_ddec.cif,30.32973,0.5,3525.26,493.9068310371986,0.020250050945353266,0.008526337240148743,0.0021315843100371858,0.0,0.0,0.0,0.0010657921550185929,0.0,0.0,0.0
15131N2_ddec.cif,28.78633,0.8,3953.29,418.8524023323536,0.016154764953912635,0.004970696908896195,0.0024853484544480977,0.0,0.0,0.0,0.0012426742272240489,0.0,0.0,0.0
15140N2_ddec.cif,29.52778,0.8,4481.04,376.73271683229603,0.01628216728391441,0.012211625462935806,0.0,0.001356847273659534,0.0,0.0,0.0,0.0,0.0,0.0
15150N2_ddec.cif,14.08286,0.4,5287.98,544.6362068331179,0.021588651456354822,0.012699206739032248,0.0012699206739032248,0.0025398413478064496,0.0,0.0,0.0,0.0,0.0,0.0
15160N2_ddec.cif,7.40845,0.3,5367.28,820.1269776815375,0.033142033224966665,0.03704109595731568,0.0019495313661745096,0.0019495313661745096,0.0,0.0,0.0,0.0,0.0,0.0
15161N2_ddec.cif,15.54098,0.7,5979.66,513.480475089043,0.02269105239254319,0.02269105239254319,0.0,0.0009865674953279649,0.0,0.0,0.0,0.0,0.0,0.0
15162N2_ddec.cif,10.41823,0.3,3321.72,853.900904952553,0.03343518040158054,0.02127693298282398,0.00303956185468914,0.00303956185468914,0.0,0.0,0.0,0.0,0.0,0.0
15163N2_ddec.cif,18.25392,0.6,4478.41,531.4305640699658,0.023729462872960922,0.01535435832956295,0.0,0.0013958507572329954,0.0,0.0,0.0,0.0,0.0,0.0
15170N2_ddec.cif,10.78469,0.4,3548.75,813.559797232808,0.03664934562076949,0.019402594740407376,0.0,0.002155843860045264,0.0,0.0,0.0,0.0,0.0,0.0
15171N2_ddec.cif,7.61354,0.5,5266.71,715.9265142517929,0.030960649604717356,0.019702231566638317,0.0,0.0028146045095197593,0.0,0.0,0.0,0.0,0.0,0.0
15180N2_ddec.cif,23.38247,0.7,2761.0,611.4330484873597,0.019675365777416805,0.007495377439015926,0.003747688719507963,0.0028107665396309724,0.0,0.0,0.0009369221798769908,0.0,0.0,0.0002342305449692477
15181N2_ddec.cif,29.26242,0.7,2971.0,534.4323677411412,0.018388070654335165,0.007072334867051987,0.0028289339468207946,0.002121700460115596,0.0,0.0,0.0007072334867051986,0.0,0.0,0.00017680837167629966
15182N2_ddec.cif,27.72885,0.7,4023.65,509.54014779665255,0.01584403242001723,0.005837275102111611,0.0033355857726352065,0.002501689329476405,0.0,0.0,0.0008338964431588016,0.0,0.0,0.0002084741107897004
15183N2_ddec.cif,23.85134,0.7,3056.96,578.7453677766366,0.018681171927740315,0.007116636924853454,0.003558318462426727,0.002668738846820045,0.0,0.0,0.0008895796156066818,0.0,0.0,0.00022239490390167044
15184N2_ddec.cif,29.13002,0.7,2927.82,534.6159261511705,0.018443553811043456,0.007093674542709021,0.0028374698170836087,0.0021281023628127063,0.0,0.0,0.0007093674542709022,0.0,0.0,0.00017734186356772554
15185N2_ddec.cif,24.08857,0.7,2936.94,569.6789962882098,0.017772629365615532,0.006547810818910985,0.003741606182234849,0.002806204636676137,0.0,0.0,0.0009354015455587122,0.0,0.0,0.00023385038638967806
15186N2_ddec.cif,37.71892,0.8,3271.55,379.96861016585143,0.01296432553609499,0.005338251691333232,0.0030504295379047038,0.0007626073844761759,0.0,0.0,0.0007626073844761759,0.0,0.0,0.0
15190N2_ddec.cif,7.48822,0.4,2917.91,1100.2937606844498,0.029648796298188045,0.009882932099396016,0.009882932099396016,0.009882932099396016,0.0,0.0,0.0,0.0,0.0,0.0
15200N3_ddec.cif,8.26864,0.6,4585.75,573.0329095391484,0.018471380631922486,0.009851403003691993,0.004925701501845996,0.002462850750922998,0.0,0.0,0.0,0.0,0.0,0.0
15210N2_ddec.cif,19.44775,0.8,3328.66,583.7209588339128,0.020419315725642883,0.009075251433619059,0.004537625716809529,0.0,0.0,0.0,0.0022688128584047646,0.0,0.0,0.0
15211N2_ddec.cif,23.61007,0.9,4873.97,348.66869191468163,0.012196882767539222,0.005420836785572988,0.002710418392786494,0.0,0.0,0.0,0.001355209196393247,0.0,0.0,0.0
15220N2_ddec.cif,11.89015,0.5,3972.71,733.9183349739244,0.028857123436729526,0.014428561718364763,0.0,0.005771424687345905,0.0,0.0,0.0,0.0,0.0,0.0
15240N2_ddec.cif,25.43054,0.6,4126.88,489.91848096711993,0.01992999217623344,0.015659279567040562,0.0,0.00284714173946192,0.0,0.0,0.0,0.0,0.0,0.0
15242N2_ddec.cif,12.56355,0.3,3436.77,788.1671209642817,0.032010918973648855,0.025913601073906216,0.0,0.00457298842480698,0.0,0.0,0.0,0.0,0.0,0.0
15250N2_ddec.cif,23.8164,0.7,5076.15,422.4802426595392,0.01786812881776986,0.01191208587851324,0.0,0.0019853476464188734,0.0,0.0,0.0,0.0,0.0,0.0
15251N2_ddec.cif,23.77963,0.7,4984.36,423.95938059304245,0.01722232488991402,0.011260750889559168,0.0,0.0026495884446021568,0.0,0.0,0.0,0.0,0.0,0.0
15252N2_ddec.cif,22.16218,0.8,4440.3,457.9016489743882,0.01783998664254436,0.011417591451228391,0.0,0.0035679973285088723,0.0,0.0,0.0,0.0,0.0,0.0
15253N2_ddec.cif,19.91137,0.7,4259.83,499.10159721869076,0.018619734213734182,0.011637333883583864,0.0,0.0046549335534335455,0.0,0.0,0.0,0.0,0.0,0.0
16000N2_ddec.cif,29.71623,0.8,3408.71,444.5616187073478,0.017771915447929616,0.006664468292973606,0.002221489430991202,0.0,0.0,0.0,0.001110744715495601,0.0,0.0,0.0
16001N2_ddec.cif,33.35495,0.8,3688.51,393.675014214948,0.016100279807367435,0.0053667599357891446,0.0017889199785963816,0.0,0.0,0.0,0.0008944599892981908,0.0,0.0,0.0
16002N2_ddec.cif,31.62427,0.8,3552.56,417.34979676075653,0.01688542602314015,0.005959562125814171,0.001986520708604724,0.0,0.0,0.0,0.000993260354302362,0.0,0.0,0.0
16010N2_ddec.cif,12.20025,0.6,2933.07,806.2212606640369,0.023594831632585377,0.00943793265303415,0.004718966326517075,0.004718966326517075,0.0,0.0,0.004718966326517075,0.0,0.0,0.0
16011N2_ddec.cif,25.21522,0.7,3518.78,466.8808424806319,0.017279821645276083,0.009425357261059681,0.0015708928768432802,0.0015708928768432802,0.0,0.0,0.0015708928768432802,0.0,0.0,0.0
16020N2_ddec.cif,15.10313,0.7,3390.79,720.9990276378102,0.019388850196291538,0.016965243921755097,0.007270818823609327,0.004847212549072884,0.0,0.0,0.0,0.0,0.0,0.0
16030N2_ddec.cif,23.61725,0.8,4269.62,441.7353282113721,0.017857412258699933,0.011428743845567956,0.0,0.002857185961391989,0.0,0.0,0.0,0.0,0.0,0.0
16031N2_ddec.cif,20.5771,0.8,4911.1,458.82590287820886,0.018148476386644442,0.014393619203200765,0.0,0.0031290476528697316,0.0,0.0,0.0,0.0,0.0,0.0
16032N2_ddec.cif,19.72142,0.9,4090.32,529.4259788738882,0.019525900527822278,0.015486059039307325,0.0013466138295049846,0.003366534573762462,0.0,0.0,0.0,0.0,0.0,0.0
16040N2_ddec.cif,6.88647,0.4,5079.88,836.1538918155248,0.036048168896341035,0.022315533126306353,0.0,0.00343315894250867,0.0,0.0,0.0,0.0,0.0,0.0
16041N2_ddec.cif,12.77232,0.7,4589.18,706.8352298510607,0.03050059282510116,0.02033372855006744,0.0,0.002772781165918287,0.0,0.0,0.0,0.0,0.0,0.0
16050N2_ddec.cif,13.57867,0.8,2621.55,810.6431240071156,0.02501727445404001,0.009622028636169235,0.0038488114544676937,0.004811014318084617,0.0,0.0,0.0019244057272338468,0.0,0.0,0.0004811014318084617
16051N2_ddec.cif,18.33212,0.3,2998.12,614.4663528003297,0.020231230180312983,0.008242353036423808,0.004495828928958441,0.0007493048214930734,0.0,0.0003746524107465367,0.0022479144644792204,0.0,0.0,0.0
16052N2_ddec.cif,22.87778,0.2,2900.82,587.6230059198718,0.021696877210705345,0.009089232345025212,0.003518412520654921,0.00029320104338791006,0.0,0.00014660052169395503,0.0017592062603274605,0.0,0.0,0.0
16053N2_ddec.cif,22.74923,0.3,2956.9,573.4514157535731,0.021695473979832083,0.009381826585873334,0.0035181849697025003,0.0,0.0,0.0,0.0017590924848512502,0.0,0.0,0.0
16054N2_ddec.cif,17.84282,0.3,2869.28,651.6583972918021,0.02084312957715437,0.008105661502226701,0.004631806572700971,0.0011579516431752428,0.0,0.0005789758215876214,0.0023159032863504857,0.0,0.0,0.0
16055N2_ddec.cif,18.7246,0.5,3171.82,567.5133188089037,0.020756915832379604,0.009081150676666077,0.0038919217185711757,0.0,0.0,0.0,0.0019459608592855878,0.0,0.0,0.0
16056N2_ddec.cif,20.37076,0.7,3104.59,569.8341692465145,0.01945017940766491,0.008783951990558347,0.003764550853096434,0.0,0.0,0.000627425142182739,0.001882275426548217,0.0,0.0,0.0
16057N2_ddec.cif,21.28633,0.9,2825.52,612.7308236559758,0.018400576301748357,0.0064742768469114595,0.004089016955944079,0.00034075141299533994,0.0,0.0015333813584790298,0.0020445084779720396,0.0,0.0,0.0
16058N2_ddec.cif,20.13351,0.6,3004.15,621.3149779000895,0.019804101773504532,0.0075119006727086155,0.004097400366931972,0.0013658001223106574,0.0,0.0006829000611553287,0.002048700183465986,0.0,0.0,0.0
16060N2_ddec.cif,10.02023,0.4,5690.49,519.7086077354774,0.021140599504383985,0.017328360249495068,0.0013862688199596056,0.0013862688199596056,0.0,0.0,0.0,0.0,0.0,0.0
16061N2_ddec.cif,23.771,1.0,6350.12,117.9733418774836,0.005001286534494941,0.0038833518973725428,0.00023535466044682078,0.00023535466044682078,0.0,0.0,0.0,0.0,0.0,0.0
16070N2_ddec.cif,15.14494,0.8,5083.24,617.7979353434148,0.017333217233243083,0.017333217233243083,0.005777739077747694,0.003851826051831796,0.0,0.0,0.0,0.0,0.0,0.0
16080N2_ddec.cif,17.23016,0.5,4025.99,491.8906382307939,0.0203487988462833,0.013199220873264843,0.0,0.0027498376819301757,0.0,0.0,0.0,0.0,0.0,0.0
16110N3_ddec.cif,22.92042,0.9,5943.28,176.97048057359746,0.006212051021832464,0.005231200860490497,0.0006539001075613121,0.0006539001075613121,0.0,0.0,0.0006539001075613121,0.0,0.0,0.0
16111N3_ddec.cif,16.1985,0.9,5926.46,193.17606808219102,0.006780902595924728,0.005710233764989245,0.0007137792206236556,0.0007137792206236556,0.0,0.0,0.0007137792206236556,0.0,0.0,0.0
16112N3_ddec.cif,25.09536,0.9,5566.46,189.80634334704217,0.006000288381457006,0.004421265123178846,0.0006316093033112638,0.0006316093033112638,0.0,0.0,0.0006316093033112638,0.0,0.0006316093033112638,0.0
16113N3_ddec.cif,16.21366,0.9,5531.91,215.55918519731424,0.006814404891046746,0.005021140446034445,0.0007173057780049207,0.0007173057780049207,0.0,0.0,0.0007173057780049207,0.0,0.0007173057780049207,0.0
16120N2_ddec.cif,13.10985,0.5,3411.79,761.3167272149033,0.023655804779688722,0.015053693950711006,0.004301055414488859,0.006451583121733288,0.0,0.0,0.0,0.0,0.0,0.0
16121N2_ddec.cif,11.60295,0.3,3224.63,888.6080890474353,0.025459250258721935,0.016473632520349488,0.00655201293422991,0.005990411825581632,0.0,0.000748801478197704,0.0,0.0,0.0,0.0
16130N3_ddec.cif,31.65411,0.8,4999.16,144.58793123561367,0.0051791378816430774,0.0021806896343760326,0.0007268965447920109,0.0,0.0,0.0,0.00036344827239600543,0.0,0.0,0.0001211494241320018
16140N2_ddec.cif,25.23873,0.5,4879.04,533.7242786473574,0.020682648879919444,0.013788432586612963,0.001969776083801852,0.001969776083801852,0.0,0.0,0.0,0.0,0.0,0.0
16141N2_ddec.cif,25.76358,0.8,4065.87,428.4823068317307,0.016995010112248948,0.011330006741499298,0.0014162508426874122,0.0014162508426874122,0.0,0.0,0.0,0.0,0.0,0.0
16142N2_ddec.cif,26.58854,0.8,4420.05,388.7374558765142,0.01690289764470024,0.011268598429800162,0.0,0.0014085748037250202,0.0,0.0,0.0,0.0,0.0,0.0
16150N2_ddec.cif,22.12505,0.7,5280.69,494.71660474380883,0.019078119725407305,0.011446871835244383,0.0019078119725407306,0.0019078119725407306,0.0,0.0,0.0,0.0,0.0,0.0
16160N2_ddec.cif,15.19576,0.6,2689.33,740.6643000985359,0.02570977615841506,0.011426567181517805,0.002856641795379451,0.005713283590758902,0.0,0.0,0.0,0.0,0.0,0.0
16170N2_ddec.cif,18.04129,0.5,4646.59,541.3540657584244,0.023930680893974335,0.01452934197134156,0.0,0.0017093343495695953,0.0,0.0,0.0,0.0,0.0,0.0
16171N2_ddec.cif,17.48621,0.5,4033.44,639.6851435372057,0.023789444623447873,0.011045099289457941,0.0,0.001699246044531991,0.0,0.0,0.0,0.0,0.003398492089063982,0.0
16172N2_ddec.cif,25.46093,0.5,4949.56,411.42886128255236,0.018522217246538013,0.010804626727147174,0.0,0.0010290120692521118,0.0,0.0,0.0,0.0,0.0,0.0
16173N2_ddec.cif,32.18576,0.6,4710.79,370.1536771863957,0.015331287782699932,0.008014082250047691,0.0,0.001393753434790903,0.0,0.0003484383586977257,0.0,0.0,0.0,0.0
16174N2_ddec.cif,28.50367,0.6,4927.41,371.68663648031577,0.016044649096327763,0.010115104865076198,0.0006975934389707722,0.0006975934389707722,0.0,0.0,0.0,0.0,0.0,0.0
16190N2_ddec.cif,8.77775,0.3,5007.88,727.6429317226665,0.03064318811603296,0.019918072275421424,0.0,0.0035750386135371785,0.0,0.0,0.0,0.0,0.0,0.0
16191N2_ddec.cif,7.34615,0.4,4987.21,699.7983773675168,0.03026036181026845,0.019785621183637064,0.0,0.0027156734957933222,0.0,0.0,0.0,0.0,0.0,0.0
16200N2_ddec.cif,12.45711,0.6,4184.75,878.8846034055183,0.017058286586671318,0.01137219105778088,0.01137219105778088,0.00284304776444522,0.0,0.00284304776444522,0.0,0.0,0.0,0.0
16201N2_ddec.cif,10.63824,0.7,3583.72,914.6431130531407,0.02261536483855382,0.015076909892369213,0.009423068682730757,0.003769227473092303,0.0,0.0018846137365461516,0.0,0.0,0.0,0.0
16210N2_ddec.cif,18.18744,0.6,3079.59,719.377738709481,0.023525233786900114,0.009410093514760045,0.0047050467573800225,0.0047050467573800225,0.0,0.0,0.0,0.0,0.0,0.0
16211N2_ddec.cif,18.15626,0.4,2694.47,774.8498488881224,0.023313749080641,0.0093254996322564,0.0069941247241923,0.0046627498161282,0.0,0.0,0.0,0.0,0.0,0.0
16230N2_ddec.cif,10.83695,0.5,3490.58,844.9782555140382,0.029903361329560542,0.017942016797736323,0.0029903361329560543,0.0059806722659121085,0.0,0.0,0.0,0.0,0.0,0.0
16250N3_ddec.cif,22.75045,0.9,5840.44,146.64594601002037,0.006572705556820412,0.004000777295455903,0.0,0.00038102640909103836,0.0,0.0,0.0,0.0,0.0,0.0
16251N3_ddec.cif,11.66813,0.9,5847.37,294.39926833151446,0.013195043978605481,0.008031765900020728,0.0,0.0007649300857162598,0.0,0.0,0.0,0.0,0.0,0.0
16260N2_ddec.cif,9.91963,0.2,3966.91,1030.7020836409843,0.029636722118160527,0.037045902647700656,0.004939453686360088,0.004939453686360088,0.0,0.002469726843180044,0.0,0.0,0.0,0.0
16271N2_ddec.cif,30.00226,0.4,5085.32,456.3337014732486,0.020029645068428255,0.013353096712285503,0.0,0.001483677412476167,0.0,0.0,0.0,0.0,0.0,0.0
16272N2_ddec.cif,39.84009,0.5,5456.57,375.0220146925806,0.016690145689255333,0.011126763792836888,0.0,0.00101152398116699,0.0,0.0,0.0,0.0,0.0,0.0
16273N2_ddec.cif,28.32721,0.5,5116.96,494.6265874185019,0.017548207936142843,0.010027547392081625,0.0,0.0016712578986802708,0.0,0.0016712578986802708,0.0,0.0,0.0,0.0
16290N3_ddec.cif,5.76965,0.6,3547.61,1066.6894232151215,0.04548858908190325,0.028729635209623103,0.0,0.004788272534937184,0.0,0.0,0.0,0.0,0.0,0.0
16310N2_ddec.cif,8.01662,0.5,5026.79,841.4148337359785,0.03466738694810256,0.02234120492211054,0.0015407727532490028,0.0030815455064980056,0.0,0.0,0.0,0.0,0.0,0.0
16311N2_ddec.cif,7.66374,0.5,4198.24,879.1106465871621,0.03450702972493839,0.021667204711007824,0.0016049781267413203,0.004814934380223962,0.0,0.0,0.0,0.0,0.0,0.0
16312N2_ddec.cif,17.3372,0.8,4827.46,543.9527371041637,0.02176594229414657,0.01378509678629283,0.0007255314098048857,0.002902125639219543,0.0,0.0,0.0,0.0,0.0,0.0
16330N2_ddec.cif,20.37559,0.7,4528.19,468.6687759373582,0.01982159925065115,0.0132143995004341,0.0,0.002202399916739017,0.0,0.0,0.0,0.0,0.0,0.0
16331N2_ddec.cif,26.20869,0.7,4223.04,414.6651319292304,0.016430072153315153,0.010455500461200553,0.0,0.0029872858460573007,0.0,0.0,0.0,0.0,0.0,0.0
16332N3_ddec.cif,17.07413,0.9,4663.78,284.8237140106499,0.009181125807799928,0.004896600430826628,0.002448300215413314,0.001224150107706657,0.0,0.0,0.0,0.0,0.0,0.0
16340N2_ddec.cif,13.26533,0.3,4030.06,767.0236889937115,0.027813547445041293,0.01643527803570622,0.002528504313185572,0.005057008626371144,0.0,0.0,0.0,0.0,0.0,0.0
16350N2_ddec.cif,25.77398,0.8,3047.65,509.8543559996933,0.01600506248981398,0.005820022723568721,0.0029100113617843604,0.0,0.0,0.0014550056808921802,0.0014550056808921802,0.0,0.0,0.0
16351N2_ddec.cif,19.89966,0.7,3251.53,614.2899492579285,0.018853705055147704,0.011602280033937049,0.0043508550127263936,0.0,0.0,0.0014502850042421311,0.0014502850042421311,0.0,0.0,0.0
16360N2_ddec.cif,19.17221,0.8,3960.58,544.1105231346397,0.018670653818924354,0.011202392291354613,0.0024894205091899138,0.003734130763784871,0.0,0.0,0.0,0.0,0.0,0.0
16361N2_ddec.cif,29.01215,0.8,4230.46,383.3391056856188,0.013862267720569262,0.008821443094907712,0.0012602061564153874,0.002520412312830775,0.0,0.0,0.0,0.0,0.0,0.0
16370N2_ddec.cif,5.54476,0.4,3575.96,1094.2593624200533,0.033762566553856815,0.016881283276928408,0.0,0.016881283276928408,0.0,0.0,0.0,0.0,0.0,0.0
16371N2_ddec.cif,3.27866,0.3,2895.75,1370.5088511378408,0.05558173107819154,0.02779086553909577,0.0,0.009263621846365255,0.0,0.0,0.0,0.0,0.0,0.0
16380N2_ddec.cif,35.46056,0.9,4535.5,319.6302012645666,0.012291483355458092,0.007901667871365916,0.0,0.0026338892904553056,0.0,0.0,0.0,0.0,0.0,0.0
16390N2_ddec.cif,15.19423,0.7,4062.02,647.4663441232514,0.024909320412137323,0.014115281566877816,0.0,0.0016606213608091548,0.0,0.0016606213608091548,0.0,0.0,0.0,0.0
16400N2_ddec.cif,26.54706,0.4,4919.58,478.50451574896664,0.016903496599794492,0.008896577157786575,0.0035586308631146302,0.0,0.0,0.0,0.0017793154315573151,0.0,0.0,0.0
16420N2_ddec.cif,12.36771,0.6,4058.1,742.7510327351665,0.024454341818193854,0.020008097851249518,0.004446243966944337,0.004446243966944337,0.0,0.0,0.0,0.0,0.0,0.0
16430N2_ddec.cif,7.76763,0.3,5698.51,776.3092858305623,0.030348886142700572,0.032683415845985234,0.0023345297032846594,0.0023345297032846594,0.0,0.0,0.0,0.0,0.0,0.0
16440N2_ddec.cif,22.84724,0.8,4076.75,470.813286294805,0.018784063633971754,0.01444927971843981,0.0014449279718439809,0.0014449279718439809,0.0,0.0,0.0,0.0,0.0,0.0
16450N2_ddec.cif,17.71082,0.8,5182.52,471.8084917211325,0.019572717404452662,0.012396054356153352,0.0,0.0026096956539270215,0.0,0.0,0.0,0.0,0.0,0.0
16460N2_ddec.cif,27.17822,0.4,4132.04,439.8038395706455,0.01590413938530594,0.010120815972467416,0.001445830853209631,0.002891661706419262,0.0,0.0,0.0,0.0,0.0,0.0
16480N2_ddec.cif,16.93456,0.6,4043.13,582.4754717424889,0.022752767635711553,0.013651660581426932,0.0,0.00455055352714231,0.0,0.0,0.0,0.0,0.0,0.0
16481N2_ddec.cif,16.59499,0.5,3731.12,604.7348524084047,0.0236222677959352,0.01417336067756112,0.0,0.0047244535591870395,0.0,0.0,0.0,0.0,0.0,0.0
16490N2_ddec.cif,10.92852,0.5,3888.01,818.8016651262668,0.019579430505975413,0.019579430505975413,0.0,0.009789715252987706,0.0,0.0,0.0,0.003263238417662569,0.0,0.0
16500N2_ddec.cif,9.39674,0.6,2995.48,1035.2202390543466,0.025245779945307207,0.008415259981769068,0.0,0.012622889972653603,0.0,0.004207629990884534,0.0,0.0,0.0,0.0
16510N2_ddec.cif,10.04647,0.6,4652.67,781.1822035526733,0.03150306956018208,0.01837679057677288,0.0,0.0052505115933636805,0.0,0.0,0.0,0.0,0.0,0.0
17000N2_ddec.cif,21.21011,0.3,3240.42,660.1668979277182,0.026363389885009726,0.012035460599678353,0.00229246868565302,0.00229246868565302,0.0,0.0,0.0,0.0,0.0,0.0
17020N2_ddec.cif,19.19797,0.4,3347.97,595.3235756381982,0.019761166436599295,0.01235072902287456,0.002470145804574912,0.004940291609149824,0.0,0.0,0.0,0.0,0.0,0.0
17030N2_ddec.cif,26.20175,0.8,3937.9,435.9613826442985,0.017291654727530064,0.011527769818353375,0.0014409712272941719,0.0014409712272941719,0.0,0.0,0.0,0.0,0.0,0.0
17040N2_ddec.cif,13.04871,0.7,4633.25,700.4458420142661,0.030391167624484478,0.01795841723264992,0.0,0.00276283342040768,0.0,0.0,0.0,0.0,0.0,0.0
17050N2_ddec.cif,23.00191,0.6,4175.38,494.1135333792221,0.018221792466673423,0.014016763435902633,0.0,0.0014016763435902634,0.0,0.0014016763435902634,0.0,0.0,0.0,0.0
17060N2_ddec.cif,11.16891,0.5,4309.57,751.4664209413344,0.03188956950961604,0.01974116207738136,0.0,0.0035432855010684495,0.0,0.0,0.0,0.0,0.0,0.0
17061N2_ddec.cif,8.10864,0.5,4431.69,876.7444540355943,0.03568864150984423,0.02141318490590654,0.0,0.0055515664570868805,0.0,0.0,0.0,0.0,0.0,0.0
17070N2_ddec.cif,25.37192,0.7,3896.45,462.745109005852,0.016733739115789296,0.010648743073684097,0.0015212490105262996,0.003042498021052599,0.0,0.0,0.0,0.0,0.0,0.0
17091N3_ddec.cif,4.25762,0.5,3775.06,1112.2060287428756,0.04478451265040288,0.029247028669650864,0.0,0.007311757167412716,0.0,0.0,0.0,0.0,0.0,0.0
17100N2_ddec.cif,25.69906,0.6,3342.93,534.2185992423224,0.01845569522397431,0.007689873009989295,0.003075949203995718,0.003075949203995718,0.0,0.0,0.0,0.0,0.0,0.0
17110N2_ddec.cif,26.01652,0.7,6263.82,353.2439130479874,0.01428280999350516,0.01428280999350516,0.0008926756245940725,0.0008926756245940725,0.0,0.0,0.0,0.0,0.0,0.0
17120N2_ddec.cif,4.42631,0.2,4494.24,1149.0953806387445,0.03225446024523743,0.04607780035033919,0.0,0.018431120140135676,0.0,0.0,0.0,0.0,0.0,0.0
17130N2_ddec.cif,29.1927,0.3,3818.54,533.8735813839413,0.023153219790584344,0.015099925950381093,0.0,0.0020133234600508126,0.0,0.0,0.0,0.0,0.0,0.0
17131N2_ddec.cif,21.63801,0.6,3697.6,649.8575808306616,0.027346826281453088,0.017695005240940233,0.0,0.0032172736801709513,0.0,0.0,0.0,0.0,0.0,0.0
17140N2_ddec.cif,18.20795,0.7,4247.39,528.6404890413453,0.022543684651505608,0.014238116622003541,0.0,0.0023730194370005903,0.0,0.0,0.0,0.0,0.0,0.0
17150N2_ddec.cif,24.93045,0.8,5142.27,447.45069691682096,0.017521071559614965,0.014565710091728105,0.0014776807339434309,0.0014776807339434309,0.0,0.0,0.0,0.0,0.0,0.0
17151N2_ddec.cif,21.53852,0.7,4088.67,524.4506686478468,0.020064901590158387,0.016196968753501347,0.002175712220619584,0.0016922206160374543,0.0,0.0,0.0,0.0,0.0,0.0
17152N2_ddec.cif,23.16777,0.7,4784.75,477.5677457607125,0.018294927926780058,0.015027976511283618,0.001960170849297863,0.0015245773272316715,0.0,0.0,0.0,0.0,0.0,0.0
17153N2_ddec.cif,19.70608,0.8,4478.46,504.38435458924425,0.019639076860651514,0.017155975188615117,0.001580155609477708,0.0018058921251173806,0.0,0.0,0.0,0.0,0.0,0.0
17154N2_ddec.cif,19.6165,0.7,5034.86,512.4030718787187,0.01919005618838281,0.01840678858885698,0.002349802798577487,0.001566535199051658,0.0,0.0,0.0,0.0,0.0,0.0
17155N2_ddec.cif,19.49115,0.6,5058.82,519.4314943552578,0.018800194575388732,0.017672182900865408,0.003008031132062197,0.0015040155660310986,0.0,0.0,0.0,0.0,0.0,0.0
17156N2_ddec.cif,6.10684,0.4,4925.85,878.3513871735952,0.03188902516895229,0.03063847516232671,0.0050022000265023195,0.0025011000132511597,0.0,0.0,0.0,0.0,0.0,0.0
17160N3_ddec.cif,21.79419,0.9,5383.85,166.70867062710226,0.006682396520327243,0.004027745847868475,0.0,0.0007323174268851773,0.0,0.0,0.0,0.0,0.0,9.153967836064716e-5
17161N3_ddec.cif,16.61482,0.8,5328.86,333.2038401842121,0.013356235004639797,0.008050333427454124,0.0,0.0014636969868098407,0.0,0.0,0.0,0.0,0.0,0.00018296212335123008
17162N3_ddec.cif,21.68941,0.9,5768.47,154.8207280711448,0.006781020564421652,0.004159025946178613,0.0,0.0005424816451537322,0.0,0.0,0.0,0.0,0.0,0.0
17163N3_ddec.cif,16.47075,0.8,5703.16,311.5391702431505,0.013645159445774581,0.008369031126741743,0.0,0.0010916127556619664,0.0,0.0,0.0,0.0,0.0,0.0
17170N2_ddec.cif,11.17048,0.6,3918.19,748.7314222867451,0.031289922665602106,0.01991176896901952,0.0009481794747152153,0.002844538424145646,0.0,0.0,0.0,0.0,0.0,0.0
17180N2_ddec.cif,12.21412,0.5,3988.61,615.1009925595558,0.023380167758716285,0.016264464527802634,0.0010165290329876646,0.0040661161319506586,0.0,0.0,0.0,0.0,0.0,0.0
17181N2_ddec.cif,19.19355,0.6,4125.7,571.8424144817448,0.01678210588347815,0.01678210588347815,0.004195526470869538,0.004195526470869538,0.0,0.0,0.0,0.0,0.0,0.0
17190N2_ddec.cif,17.55318,0.7,4721.26,530.3245395952246,0.02293048607438298,0.015286990716255321,0.0,0.0020382654288340425,0.0,0.0,0.0,0.0,0.0,0.0
17191N2_ddec.cif,15.58448,0.5,4376.0,592.4220875223277,0.024597294665929467,0.017028896307181938,0.0,0.003153499316144803,0.0,0.0,0.0,0.0,0.0,0.0
17210N2_ddec.cif,16.96215,0.4,4013.75,599.2670249493348,0.023640744090592178,0.011820372045296089,0.0014775465056620111,0.0029550930113240222,0.0,0.0,0.0,0.0,0.0,0.0
17220N2_ddec.cif,17.98498,0.6,4355.43,573.6597420283103,0.02021508246045373,0.01886741029642348,0.0013476721640302486,0.0013476721640302486,0.0,0.0013476721640302486,0.0,0.0,0.0,0.0
17230N2_ddec.cif,10.52532,0.4,4602.47,755.6749688972719,0.031645630171742954,0.02109708678116197,0.0,0.003835833960211267,0.0,0.0,0.0,0.0,0.0,0.0
17240N3_ddec.cif,23.5809,0.9,4661.56,434.18324882162983,0.019042218547589362,0.013601584676849543,0.0,0.0013601584676849543,0.0,0.0,0.0,0.0,0.0,0.0
17250N2_ddec.cif,20.00273,0.6,4097.88,507.86255048813393,0.01894657472525533,0.011841609203284581,0.0,0.004736643681313832,0.0,0.0,0.0,0.0,0.0,0.0
18010N3_ddec.cif,3.82355,0.3,4573.68,1124.4749561265432,0.04580499789434732,0.03511716505233295,0.0030536665262898216,0.0030536665262898216,0.0,0.0,0.0,0.0,0.0,0.0
18011N3_ddec.cif,4.75602,0.5,4509.5,1004.4076267610927,0.038160874916119795,0.02925667076902518,0.00508811665548264,0.00254405832774132,0.0,0.0,0.0,0.0,0.0,0.0
18023N3_ddec.cif,11.43287,0.5,5346.61,588.8756925973487,0.025444091368407622,0.0203552730947261,0.0,0.00203552730947261,0.0,0.0,0.0,0.0,0.0,0.0
18030N2_ddec.cif,7.50136,0.1,4907.95,748.7636388912958,0.033012037573528136,0.021222024154410945,0.0,0.0023580026838234385,0.0,0.0,0.0,0.0,0.0,0.0
18031N2_ddec.cif,13.82111,0.3,5058.98,601.9714972994187,0.025778593614139252,0.016786060958044167,0.0011990043541460118,0.0011990043541460118,0.0,0.0,0.0,0.0,0.0,0.0
18032N2_ddec.cif,14.58736,0.2,4743.5,671.4640600910515,0.03021640943003951,0.020635596683929423,0.0,0.0014739711917092445,0.0,0.0,0.0,0.0,0.0,0.0
18033N2_ddec.cif,15.63321,0.4,5155.89,580.5669793321133,0.024770277359693726,0.0181245931900198,0.0,0.0024166124253359733,0.0,0.0,0.0,0.0,0.0,0.0
18040N3_ddec.cif,7.23596,0.6,4536.43,821.1973290911918,0.03305737257279764,0.02245406438907009,0.00249489604323001,0.00249489604323001,0.0,0.0,0.0,0.0,0.0,0.0
18041N3_ddec.cif,5.23077,0.6,4050.03,1143.1885801922379,0.039812199659238094,0.030003396844643204,0.00923181441373637,0.0023079536034340924,0.0,0.0,0.0,0.0,0.0,0.0
18060N2_ddec.cif,15.08532,0.6,4915.44,655.4638097064918,0.020644145723194476,0.02270856029551392,0.004128829144638895,0.004128829144638895,0.0,0.0,0.0,0.0,0.0,0.0
18061N2_ddec.cif,15.36874,0.7,4343.7,711.9684026004619,0.022662716632738344,0.02039644496946451,0.004532543326547669,0.004532543326547669,0.0,0.0,0.0,0.0,0.0,0.0
18070N2_ddec.cif,17.07801,0.8,4817.28,725.5701073766579,0.028438053835712886,0.0210194310959617,0.002472874246583729,0.002472874246583729,0.0,0.0,0.0,0.0,0.0,0.0
18080N2_ddec.cif,20.84428,0.6,4924.84,461.64023211802635,0.017976196946336027,0.010785718167801618,0.0,0.0023968262595114704,0.0,0.0,0.0,0.0,0.0,0.0002996032824389338
18083N2_ddec.cif,16.82653,0.5,4581.46,589.881329720691,0.0216933485212608,0.0149141771083668,0.0013558342825788,0.0027116685651576,0.0,0.0,0.0,0.0,0.0,0.0003389585706447
18090N2_ddec.cif,24.79285,0.7,4195.76,435.0851579079124,0.017878646809261045,0.008939323404630523,0.0017878646809261047,0.0,0.0,0.0,0.0008939323404630523,0.0,0.0,0.0
18100N2_ddec.cif,27.7321,0.8,4507.37,382.2560820057458,0.015057254370031465,0.00821304783819898,0.0013688413063664968,0.0013688413063664968,0.0,0.0,0.0,0.0,0.0,0.0
18101N2_ddec.cif,23.42106,0.6,4386.95,451.62844238371906,0.01741647927838962,0.01044988756703377,0.001741647927838962,0.001741647927838962,0.0,0.0,0.0,0.0,0.0,0.0
18110N2_ddec.cif,18.71444,0.3,4674.29,525.3291353551758,0.023222295162556528,0.014099250634409321,0.0,0.0016587353687540377,0.0,0.0,0.0,0.0,0.0,0.0
18111N2_ddec.cif,17.77507,0.4,3927.25,635.4177364755936,0.024265661454192847,0.011266199960875252,0.0,0.0017332615324423463,0.0,0.0017332615324423463,0.0,0.0,0.0,0.0
18112N2_ddec.cif,17.45576,0.4,4050.18,624.4319564076357,0.025717593153966604,0.011940311107198781,0.0018369709395690433,0.0018369709395690433,0.0,0.0,0.0,0.0,0.0,0.0
18120N3_ddec.cif,3.93108,0.6,4190.78,1132.0583162607907,0.04829248355789367,0.033804738490525565,0.0,0.004829248355789367,0.0,0.0,0.0,0.0,0.0,0.0
18121N3_ddec.cif,6.24203,0.5,3969.41,992.754995636291,0.04347233951803095,0.02952838155941725,0.0,0.0032809312843796947,0.0,0.0,0.0,0.0,0.0,0.0
18122N3_ddec.cif,7.34862,0.6,3748.79,939.6951050652052,0.04174841864998943,0.028260468009223615,0.0,0.002569133455383965,0.0,0.0,0.0,0.0,0.0,0.0
18130N3_ddec.cif,8.60374,0.3,4852.03,741.4415258151589,0.03174467787611844,0.02167929220808089,0.0,0.0030970417440115555,0.0,0.0,0.0,0.0,0.0,0.0
18131N3_ddec.cif,4.1723,0.1,3920.51,1119.5456919113333,0.047933135817080495,0.03273482446044522,0.0,0.004676403494349317,0.0,0.0,0.0,0.0,0.0,0.0
18133N3_ddec.cif,9.33373,0.7,4905.5,601.1763010925637,0.025348526870845527,0.01721786730849885,0.0,0.0019130963676109833,0.0004782740919027458,0.0,0.0,0.0,0.0,0.0
18134N3_ddec.cif,12.64216,0.6,5209.28,581.3348246868374,0.02443037998808755,0.01567919909683231,0.0,0.002917060297085081,0.0,0.0,0.0,0.0,0.0,0.0
18140N2_ddec.cif,18.06284,0.9,5545.6,425.61315943434204,0.01839475137284177,0.013796063529631326,0.0,0.001532895947736814,0.0,0.0,0.0,0.0,0.0,0.0
18141N2_ddec.cif,19.67816,0.6,4842.51,494.20689240455437,0.022018393898771287,0.01590217337133482,0.0,0.0012232441054872939,0.0,0.0,0.0,0.0,0.0,0.0
18142N3_ddec.cif,31.01001,0.9,6131.7,139.3617631083489,0.005966543255767199,0.003977695503844799,0.0,0.0005892882227918221,0.0,0.0,0.0,0.0,0.0,0.0
18143N3_ddec.cif,35.74932,0.9,6256.74,109.07458467838565,0.004842461478996509,0.00312416869612678,0.0,0.000312416869612678,0.0,0.0,0.0,0.0,0.0,0.0
18150N2_ddec.cif,12.45034,0.4,3299.72,880.3394660517033,0.022823348143997092,0.006973800821776889,0.0038038913573328484,0.0038038913573328484,0.0,0.0,0.0,0.0,0.0038038913573328484,0.0
18151N2_ddec.cif,16.14722,0.5,3013.32,755.5671624976299,0.023059769571888673,0.010248786476394966,0.0025621966190987415,0.0025621966190987415,0.0,0.0,0.0,0.0,0.0025621966190987415,0.0
18161N2_ddec.cif,15.08539,0.6,3327.7,717.2446283867965,0.024795229556504893,0.011571107126368949,0.0,0.004959045911300979,0.0,0.0016530153037669928,0.0,0.0,0.0,0.0
19000N3_ddec.cif,19.29272,0.9,5485.84,207.17218197339096,0.007368379336949762,0.005358821335963463,0.0,0.0006698526669954329,0.0,0.0006698526669954329,0.0,0.0,0.0,0.0
19003N3_ddec.cif,11.52735,0.9,5662.63,280.8178111299087,0.01073783088446855,0.006551896810862166,0.0,0.0007279885345402407,0.0,0.0007279885345402407,0.0,0.0,0.0,0.0
19010N2_ddec.cif,11.18108,0.4,4613.17,739.4453218051134,0.03158856813811146,0.01792864678109029,0.0,0.003414980339255293,0.0,0.0,0.0,0.0,0.0,0.0
19020N3_ddec.cif,11.48909,0.9,5532.1,322.83033787311695,0.011184961955727709,0.006547294803352806,0.0010912158005588009,0.0010912158005588009,0.0,0.0,0.0,0.0,0.0010912158005588009,0.0
19022N3_ddec.cif,9.98288,0.9,5416.18,367.5306478771969,0.011657056413149689,0.006823642778429086,0.0011372737964048477,0.0011372737964048477,0.0,0.0,0.0,0.0,0.0011372737964048477,0.0
19030N2_ddec.cif,12.48149,0.6,3145.57,990.6879528348753,0.025295974570954685,0.018068553264967632,0.0048182808706580356,0.007227421305987053,0.0,0.0,0.0,0.0,0.0012045702176645089,0.0
19041N2_ddec.cif,23.54429,0.9,3855.12,521.0240273480483,0.016004984509213737,0.00872999155048022,0.002182497887620055,0.0029099971834934068,0.0,0.0,0.0,0.0,0.0,0.0007274992958733517
19050N2_ddec.cif,32.21428,0.8,4020.42,381.9153373795964,0.012826996601744465,0.005830453000792939,0.0,0.0023321812003171756,0.0,0.0011660906001585878,0.0,0.0,0.0,0.0
19051N2_ddec.cif,28.45344,0.6,4105.41,395.8897314732068,0.013672509120145473,0.005696878800060613,0.0,0.0022787515200242453,0.0,0.0011393757600121227,0.0,0.0,0.0,0.0
19060N2_ddec.cif,15.12574,0.6,4371.16,604.8539930204325,0.0256711250330815,0.017704224160745862,0.0004426056040186465,0.0022130280200932328,0.0,0.0,0.0,0.0,0.0,0.0
19061N2_ddec.cif,16.1939,0.6,4618.66,560.0735400788261,0.024001146237975782,0.018000859678481838,0.0004285918971067104,0.0017143675884268416,0.0,0.0,0.0,0.0,0.0,0.0
19070N2_ddec.cif,27.27431,0.7,3726.36,455.43902667920037,0.015378303370850686,0.008388165475009465,0.0013980275791682442,0.004194082737504733,0.0,0.0,0.0,0.0,0.0,0.0
19080N2_ddec.cif,15.58128,0.7,4452.54,575.7523928526979,0.01700124023158961,0.014876085202640906,0.004250310057897402,0.004250310057897402,0.0,0.0,0.0,0.0,0.0,0.0
19090N2_ddec.cif,24.48794,0.6,3701.99,485.8632951389339,0.01776523486780622,0.008075106758093737,0.0016150213516187475,0.003230042703237495,0.0,0.0,0.0,0.0,0.0,0.0
19101N2_ddec.cif,15.51822,0.5,2589.0,784.2676692828664,0.029700291511999866,0.009900097170666622,0.006600064780444415,0.0,0.0,0.0,0.0,0.0,0.0,0.0
19102N2_ddec.cif,20.3924,0.6,3092.38,600.0703682035331,0.0244746220808173,0.010197759200340542,0.0,0.004079103680136216,0.0,0.0,0.0,0.0,0.0,0.0
19110N2_ddec.cif,26.15729,0.9,4461.35,418.0328669092531,0.01511685980152938,0.009619819873700515,0.0013742599819572163,0.0027485199639144327,0.0,0.0,0.0,0.0,0.0,0.0
19120N2_ddec.cif,15.5223,0.6,4025.6,585.3672498597011,0.016547092817451783,0.01181935201246556,0.004727740804986224,0.004727740804986224,0.0,0.0,0.0,0.0,0.0,0.0
19122N2_ddec.cif,15.26741,0.6,3776.49,642.3585477993956,0.018968035776356026,0.016597031304311522,0.0047420089440890064,0.0047420089440890064,0.0,0.0,0.0,0.0,0.0,0.0
19130N2_ddec.cif,19.56512,0.4,4176.48,575.5977904512124,0.024373351886674992,0.013620402524906613,0.0,0.0028674531631382345,0.0,0.0,0.0,0.0,0.0,0.0
19140N2_ddec.cif,14.07691,0.5,4466.8,785.2670385125563,0.0281272504929984,0.005625450098599679,0.005625450098599679,0.0028127250492998397,0.0,0.0,0.0,0.0,0.0,0.0
19142N2_ddec.cif,20.26849,0.5,2583.79,667.5967683855185,0.025106856352251634,0.007725186569923579,0.005793889927442684,0.0,0.0,0.0,0.0,0.0,0.0,0.0
19144N2_ddec.cif,11.46035,0.5,2671.39,1003.4151368541942,0.03229176909855158,0.009687530729565474,0.012916707639420632,0.0,0.0,0.0,0.0,0.0,0.0,0.0
19150N2_ddec.cif,4.43946,0.4,2559.85,1389.306719216172,0.03557550647004519,0.017787753235022595,0.008893876617511298,0.017787753235022595,0.0,0.0,0.0,0.0,0.0,0.0
19170N2_ddec.cif,21.06324,0.8,4453.18,583.7017615057904,0.019514465187988706,0.019514465187988706,0.002787780741141244,0.0009292602470470813,0.0,0.0009292602470470813,0.0009292602470470813,0.0,0.0,0.0
19180N2_ddec.cif,27.19606,0.6,4256.15,398.69452964606995,0.0144175489187186,0.009174803857366381,0.0013106862653380546,0.0026213725306761092,0.0,0.0,0.0,0.0,0.0,0.0
19181N2_ddec.cif,23.06077,0.7,4181.07,471.17180546680703,0.01564007348118391,0.009775045925739944,0.0019550091851479887,0.003910018370295977,0.0,0.0,0.0,0.0,0.0,0.0
19182N2_ddec.cif,32.36866,0.9,3947.77,360.78773660798424,0.011525786751861687,0.007683857834574459,0.0019209644586436147,0.002881446687965422,0.0,0.0,0.0,0.0,0.0,0.0
19190N2_ddec.cif,11.85478,0.8,5050.99,734.2557928479102,0.02747952261688142,0.019728888032632813,0.001409206288045201,0.001409206288045201,0.0,0.0,0.0,0.0,0.001409206288045201,0.0
19191N2_ddec.cif,6.04344,0.5,5277.18,862.7659967292651,0.033644250079589155,0.033644250079589155,0.0012460833362810798,0.0012460833362810798,0.0,0.0,0.0,0.0,0.0012460833362810798,0.0
19200N2_ddec.cif,8.62342,0.6,5730.93,585.1596071243958,0.024748393376303194,0.016498928917535464,0.0,0.0027498214862559105,0.0,0.0,0.0,0.0,0.0,0.0
19210N2_ddec.cif,28.07793,0.8,4793.87,404.8041279052713,0.016435569973237918,0.012174496276472532,0.0,0.0024348992552945064,0.0,0.0,0.0,0.0,0.0,0.0
19212N2_ddec.cif,25.8615,0.8,4917.12,417.36841879170686,0.016978639598786434,0.01334035968476077,0.0,0.002425519942683776,0.0,0.0,0.0,0.0,0.0,0.0
19214N2_ddec.cif,24.66259,0.8,4724.25,457.99307152233126,0.016484804717812256,0.011186117487086889,0.0,0.002354972102544608,0.0,0.0,0.0,0.0,0.001766229076908456,0.0
19220N2_ddec.cif,33.06267,0.7,4363.59,343.1520258215881,0.015251847149050327,0.009151108289430197,0.0,0.0010167898099366884,0.0,0.0,0.0,0.0,0.0,0.0
19230N2_ddec.cif,18.36599,0.3,4059.77,511.9197528312176,0.021460114741320042,0.014473100639494911,0.0004990724358446521,0.0019962897433786083,0.0,0.0,0.0,0.0,0.0,0.0
19240N3_ddec.cif,5.56843,0.7,4827.63,888.6534822818313,0.039322542074050205,0.0253263830307442,0.0,0.0026659350558678103,0.0,0.0,0.0,0.0,0.0,0.0
19241N3_ddec.cif,4.91247,0.6,4948.6,961.7927657249734,0.04251620326799914,0.02927345143042564,0.0,0.002787947755278632,0.0,0.0,0.0,0.0,0.0,0.0
19242N3_ddec.cif,5.65804,0.6,4805.94,939.9864136761805,0.039810097487393614,0.02429090694146051,0.0,0.0026989896601622787,0.0,0.0,0.0,0.0,0.0013494948300811394,0.0
19250N3_ddec.cif,4.04335,0.5,4717.45,1059.6797071032997,0.04131123018531809,0.032458823717035644,0.002950802156094149,0.002950802156094149,0.0007377005390235373,0.0,0.0,0.0,0.0,0.0
19251N3_ddec.cif,3.77734,0.2,3640.51,1332.7557390853233,0.045318053646603594,0.03237003831900257,0.003237003831900257,0.003237003831900257,0.0008092509579750643,0.0,0.0,0.0,0.0,0.0016185019159501285
19252N3_ddec.cif,4.12833,0.5,4711.09,1028.8189189445454,0.041597325329788236,0.03211021604404706,0.0029191105494588234,0.0029191105494588234,0.0,0.0,0.0,0.0,0.0,0.0
19253N3_ddec.cif,3.94484,0.1,3883.71,1251.1079000673449,0.044014823149300414,0.03088759519249152,0.003088759519249152,0.003088759519249152,0.0,0.0,0.0,0.0,0.0,0.001544379759624576
19260N2_ddec.cif,10.1699,0.5,3738.29,840.8648975272588,0.033722551013171925,0.01785311524226749,0.0,0.005951038414089164,0.0,0.0,0.0,0.0,0.0,0.0
19270N2_ddec.cif,15.11833,0.6,4577.12,667.9511564455695,0.024381084617862963,0.013753432348538083,0.0,0.0025006240633705604,0.0,0.0012503120316852802,0.0,0.0,0.0,0.00031257800792132005
19280N2_ddec.cif,24.15034,0.5,4164.86,564.9400168846361,0.022918224347231005,0.01738623915996835,0.001580567196360759,0.001580567196360759,0.0,0.0,0.0,0.0,0.0,0.0
19281N2_ddec.cif,26.1718,0.6,3910.93,550.0543330803383,0.022223620729221183,0.014815747152814123,0.001646194128090458,0.001646194128090458,0.0,0.0,0.0,0.0,0.0,0.0
19282N2_ddec.cif,29.64785,0.5,4195.6,542.2407309936531,0.020655495999388623,0.012820652689275697,0.002849033930950155,0.0014245169654750775,0.0,0.0,0.0,0.0,0.0,0.0
19283N2_ddec.cif,27.62491,0.7,4327.1,568.1827124348247,0.020226161237583907,0.012554169044017596,0.0013949076715575107,0.0013949076715575107,0.0,0.0013949076715575107,0.0,0.0,0.0,0.0
19290N2_ddec.cif,18.12744,0.7,5286.41,602.8424510748417,0.026796374159927947,0.01710406861271997,0.0,0.0017104068612719967,0.0,0.0,0.0,0.0,0.0,0.0
19291N2_ddec.cif,8.24295,0.4,5142.55,710.4263394290791,0.03165331515626096,0.0197833219726631,0.0,0.00197833219726631,0.0,0.0,0.0,0.0,0.0,0.0
19292N2_ddec.cif,16.80212,0.6,5015.46,664.1247979160418,0.02935323643156727,0.018980288218908157,0.00022070102580125766,0.0017656082064100612,0.0,0.0,0.0,0.0,0.0,0.0
19310N2_ddec.cif,17.30225,0.5,4071.16,537.809592870173,0.02374974394419927,0.015560177066889178,0.0,0.0016379133754620186,0.0,0.0,0.0,0.0,0.0,0.0
19311N2_ddec.cif,17.14001,0.5,3841.82,555.8440378939392,0.021843170839897705,0.013441951286090896,0.0,0.0042006097769034054,0.0,0.0,0.0,0.0,0.0,0.0
19330N2_ddec.cif,31.22738,0.5,4240.63,513.9468315478383,0.022681861276419003,0.013441102978618669,0.0,0.0016801378723273336,0.0,0.0,0.0,0.0,0.0,0.0
19340N2_ddec.cif,13.86033,0.6,4380.41,601.978864951911,0.024140475634710397,0.016093650423140263,0.0,0.004023412605785066,0.0,0.0,0.0,0.0,0.0,0.0
19341N2_ddec.cif,11.11296,0.5,4064.5,718.5898168789281,0.031075825642744404,0.019775525409019164,0.0,0.0028250750584313095,0.0,0.0,0.0,0.0,0.0,0.0
19350N2_ddec.cif,11.47035,0.4,3392.19,782.2146212576768,0.03554195609136684,0.020309689195066764,0.0,0.001692474099588897,0.0,0.0,0.0,0.0,0.0,0.0
19351N2_ddec.cif,23.07061,0.4,4281.89,592.6740276553604,0.02673770136183767,0.01485427853435426,0.0,0.0014854278534354262,0.0,0.0,0.0,0.0,0.0,0.0
19352N2_ddec.cif,24.35034,0.5,4282.4,573.4224314982051,0.02626916327040471,0.013705650401950284,0.0,0.001142137533495857,0.0,0.0,0.0,0.0,0.0,0.0
19353N2_ddec.cif,13.2107,0.5,3944.84,660.7940315395599,0.030271760135487318,0.01579396180981947,0.0,0.0013161634841516224,0.0,0.0,0.0,0.0,0.0,0.0
19360N2_ddec.cif,29.05122,0.8,4638.79,376.17447514202206,0.01635664007610895,0.010904426717405966,0.0,0.0013630533396757458,0.0,0.0,0.0,0.0,0.0,0.0
19361N2_ddec.cif,32.06594,0.8,4300.6,375.6943715468139,0.013763768457581703,0.008028864933589326,0.0,0.0011469807047984751,0.0,0.0011469807047984751,0.0,0.0,0.0,0.0
19362N2_ddec.cif,34.69931,0.9,4226.28,354.08910677208445,0.013430164948495475,0.0076743799705688434,0.0,0.0009592974963211054,0.0,0.0009592974963211054,0.0,0.0,0.0,0.0
19363N2_ddec.cif,30.2392,0.8,3999.1,406.5735716849678,0.0145561043414007,0.009704069560933799,0.00097040695609338,0.00097040695609338,0.0,0.00097040695609338,0.0,0.0,0.0,0.0
19364N2_ddec.cif,26.90255,0.8,3948.91,444.19179817542494,0.016069745892468304,0.012052309419351228,0.001004359118279269,0.001004359118279269,0.0,0.001004359118279269,0.0,0.0,0.0,0.0
19365N2_ddec.cif,27.10766,0.9,4401.96,440.51647787734777,0.016085683713636056,0.013247033646523812,0.0009462166890374152,0.0009462166890374152,0.0,0.0009462166890374152,0.0,0.0,0.0,0.0
19366N2_ddec.cif,32.89072,0.8,4232.0,363.3945544300813,0.016297959848350488,0.009587035204912053,0.0,0.0009587035204912052,0.0,0.0,0.0,0.0,0.0,0.0
19370N2_ddec.cif,10.41104,0.4,5087.16,736.0323268475705,0.030614517653038655,0.028959678860982514,0.0,0.003309677584112287,0.0,0.0,0.0,0.0,0.0,0.0
19380N2_ddec.cif,18.38658,0.3,4743.42,597.4604288803016,0.025544322572645165,0.015855096769228035,0.0,0.0026425161282046723,0.0,0.0,0.0,0.0,0.0,0.0
19390N2_ddec.cif,13.65159,0.5,3576.02,702.8037399841971,0.025200526971710616,0.016800351314473744,0.0028000585524122906,0.004200087828618436,0.0,0.0,0.0,0.0,0.0,0.0
19401N3_ddec.cif,11.39389,0.9,6012.35,310.7046974188586,0.012782719471754175,0.008815668601209777,0.0,0.0017631337202419553,0.0,0.0,0.0,0.0,0.0,0.0
19410N2_ddec.cif,31.70594,0.4,4019.47,500.03739920175497,0.02222482575521515,0.01333489545312909,0.0,0.0014816550503476767,0.0,0.0,0.0,0.0,0.0,0.0
19411N2_ddec.cif,33.39228,0.4,4055.35,489.2272539862584,0.021941457418622325,0.012906739658013132,0.0,0.0012906739658013133,0.0,0.0,0.0,0.0,0.0,0.0
19412N2_ddec.cif,36.23385,0.4,3744.9,488.838731636951,0.022191984168832866,0.012205591292858076,0.0,0.0011095992084416432,0.0,0.0,0.0,0.0,0.0,0.0
19413N2_ddec.cif,29.52403,0.7,3963.74,410.1397010379445,0.013704902625457809,0.007475401432067896,0.0,0.0024918004773559653,0.0,0.0012459002386779826,0.0,0.0,0.0,0.0
19420N3_ddec.cif,20.37546,1.0,5887.54,229.75967202418042,0.009902633548785013,0.007041872745802676,0.0,0.0008802340932253345,0.0,0.0,0.0,0.0,0.0,0.0
19421N3_ddec.cif,28.35191,1.0,6027.1,150.99814069081617,0.0066369993589843294,0.004657543409813564,0.0,0.00046575434098135646,0.0,0.0,0.0,0.0,0.0,0.0
19430N2_ddec.cif,18.22778,0.6,4099.44,561.3244597207618,0.024879217714842132,0.014216695837052647,0.0,0.001777086979631581,0.0,0.0,0.0,0.0,0.0,0.0
19440N2_ddec.cif,5.74091,0.2,4487.69,1071.1983709342826,0.03966975758236933,0.025785342428540064,0.0,0.007933951516473867,0.0,0.0,0.0,0.0,0.0,0.0004958719697796167
19441N2_ddec.cif,5.79003,0.2,4506.52,1067.755459124746,0.0394865890290992,0.025666282868914477,0.0,0.007897317805819839,0.0,0.0,0.0,0.0,0.0,0.0004935823628637399
19450N2_ddec.cif,32.55539,1.0,5666.57,283.46475612899513,0.011473164070040455,0.009872257455616205,0.00026681776907070824,0.0013340888453535413,0.0,0.0,0.0,0.0,0.0,0.0
19451N2_ddec.cif,33.61063,0.8,4762.4,358.94099527428125,0.014757027784722774,0.01122817331446298,0.00032080495184179944,0.0016040247592089972,0.0,0.0,0.0,0.0,0.0,0.0
19452N2_ddec.cif,27.09641,0.9,4389.41,388.6437632945673,0.01602613520673544,0.011497010039614555,0.0003483942436246835,0.0017419712181234175,0.0,0.0,0.0,0.0,0.0,0.0
19453N2_ddec.cif,33.50589,0.9,5249.26,338.4570440674664,0.013737509388287935,0.012488644898443578,0.0,0.0018732967347665367,0.0,0.0,0.0,0.0,0.0,0.0
19454N2_ddec.cif,28.88334,0.9,5029.05,367.6066347113995,0.014393576034257727,0.012862344541251586,0.0006124925972024565,0.0018374777916073694,0.0,0.0,0.0,0.0,0.0,0.0
19455N2_ddec.cif,33.89639,0.9,5961.45,240.88898107600446,0.010032415709993104,0.008165919763947874,0.0,0.0011665599662782679,0.0,0.0,0.0,0.0,0.0,0.0
19456N2_ddec.cif,31.46174,0.8,4993.85,355.4531958647966,0.014488692469965331,0.012878837751080296,0.0,0.0019318256626620442,0.0,0.0,0.0,0.0,0.0,0.0
19460N2_ddec.cif,13.59732,0.6,3830.23,694.6662986078096,0.02558579794951688,0.017057198633011254,0.0021321498291264067,0.004264299658252813,0.0,0.0,0.0,0.0,0.0,0.0
19462N2_ddec.cif,15.66737,0.5,3621.54,650.5987086468509,0.02302369062890677,0.01644549330636198,0.003289098661272396,0.003289098661272396,0.0,0.0,0.0,0.0,0.0,0.0
19464N2_ddec.cif,17.15414,0.6,4414.65,554.7727337041192,0.0205713329718324,0.018285629308295467,0.0022857036635369333,0.0022857036635369333,0.0,0.0,0.0,0.0,0.0,0.0
19466N2_ddec.cif,22.65351,0.6,4046.72,510.75674877141824,0.01843543445615922,0.015362862046799349,0.0030725724093598698,0.0015362862046799349,0.0,0.0,0.0,0.0,0.0,0.0
19470N2_ddec.cif,24.29879,0.8,4610.79,499.2756705626991,0.021110128225458068,0.013542346408784421,0.0,0.0023898258368443095,0.0,0.0,0.0,0.0,0.0,0.0
19480N2_ddec.cif,22.64238,0.7,4916.37,465.92935117475673,0.019814752599397325,0.01604051400903593,0.0,0.0018871192951806976,0.0,0.0,0.0,0.0,0.0,0.0
19481N2_ddec.cif,17.60004,0.5,4394.94,633.8647119314999,0.025418816398748486,0.019366717256189322,0.0,0.0024208396570236652,0.0,0.0,0.0,0.0,0.0012104198285118326,0.0
19482N2_ddec.cif,15.53536,0.5,4567.49,638.3748568006563,0.02568248131338345,0.020044863464104157,0.0,0.0031320099162662745,0.0,0.0,0.0,0.0,0.0006264019832532549,0.0
19483N2_ddec.cif,10.45603,0.6,5650.71,721.3022379234318,0.02944577364529282,0.02551967049258711,0.0,0.003926103152705709,0.0,0.0,0.0,0.0,0.0,0.0
19490N2_ddec.cif,10.16022,0.4,4186.37,776.4834204618834,0.033951315684491404,0.02110487191198114,0.0,0.002752809379823627,0.0,0.0,0.0,0.0,0.0,0.0
19491N2_ddec.cif,13.65495,0.4,4993.75,601.7158248251684,0.026482357807476098,0.017654905204984066,0.0,0.0018915969862482926,0.0,0.0,0.0,0.0,0.0,0.0
19500N2_ddec.cif,30.48528,0.8,4226.22,396.9608808109439,0.014386823621056869,0.008632094172634122,0.0019182431494742492,0.0019182431494742492,0.0,0.0,0.0,0.0,0.0,0.0
19510N2_ddec.cif,32.45322,0.8,4434.9,348.3726188732362,0.013035513213456841,0.009024586070854736,0.0010027317856505264,0.0020054635713010528,0.0,0.0,0.0,0.0,0.0,0.0
19511N2_ddec.cif,20.59621,0.8,4126.12,500.0491156391529,0.019906155103037934,0.013270770068691956,0.0011058975057243298,0.0022117950114486596,0.0,0.0,0.0,0.0,0.0,0.0
19520N2_ddec.cif,19.40621,0.7,4726.43,486.94353581070374,0.018383744311493765,0.015932578403294595,0.0024511659081991686,0.0012255829540995843,0.0,0.0,0.0,0.0,0.0,0.0
19521N2_ddec.cif,16.487,0.9,4874.99,516.1441782215459,0.019033121774807153,0.017843551663881706,0.002973925277313618,0.001189570110925447,0.0,0.0,0.0,0.0,0.0,0.0
19522N2_ddec.cif,13.39591,0.6,4902.61,580.4011162602311,0.020972400355459133,0.020972400355459133,0.0037010118274339644,0.0012336706091446547,0.0,0.0,0.0,0.0,0.0,0.0
19530N2_ddec.cif,27.27525,0.8,5237.89,376.16001503833934,0.01640784127084787,0.011226417711632753,0.0,0.0012953558898037793,0.0,0.0,0.0,0.0,0.0,0.0
19531N2_ddec.cif,32.19264,0.6,4561.1,350.3396191293507,0.015453049675219665,0.010536170233104318,0.0,0.0010536170233104317,0.0,0.0,0.0,0.0,0.0,0.0
19540N2_ddec.cif,22.04201,0.4,3581.8,656.3922888763118,0.028395877768892575,0.016226215867938612,0.0,0.002704369311323102,0.0,0.0,0.0,0.0,0.0,0.0
19541N2_ddec.cif,30.41767,0.5,4322.69,519.8097179336144,0.022940606281775067,0.013594433352163003,0.0,0.0016993041690203754,0.0,0.0,0.0,0.0,0.0,0.0
19542N2_ddec.cif,26.56071,0.4,3511.71,652.2975349330806,0.022041237508483198,0.011020618754241599,0.0,0.0033061856262724797,0.0,0.00220412375084832,0.0,0.0,0.0,0.0
19550N2_ddec.cif,19.36683,0.6,4734.8,573.7049055646225,0.023954326085886834,0.015720026493863233,0.0,0.0029942907607358542,0.0,0.0,0.0,0.0,0.0,0.0
19560N2_ddec.cif,22.11926,0.7,4963.62,474.06574016077246,0.01909389635716352,0.017820969933352616,0.0012729264238109013,0.0012729264238109013,0.0,0.0,0.0,0.0,0.0,0.0
19570N2_ddec.cif,17.23409,1.0,4044.51,579.9029826598819,0.02442775763745489,0.014656654582472933,0.0,0.0029313309164945866,0.0,0.0,0.0,0.0,0.0,0.0
19571N2_ddec.cif,18.67652,0.9,4024.28,553.1315336556648,0.023300040609894688,0.013980024365936813,0.0,0.0027960048731873626,0.0,0.0,0.0,0.0,0.0,0.0
19572N2_ddec.cif,15.39085,0.9,4068.87,614.8028739034528,0.026152835403071423,0.01593688407374665,0.0,0.002860466372210937,0.0,0.0,0.0,0.0,0.0,0.0
19573N2_ddec.cif,16.39396,0.9,3875.04,608.1264938317353,0.02586883173861979,0.015763819340721432,0.0,0.0028294034714115394,0.0,0.0,0.0,0.0,0.0,0.0
20000N2_ddec.cif,19.88166,0.4,4691.95,493.0765790143605,0.019592245602478416,0.0128362988430031,0.0,0.0027023787037901265,0.0,0.0003377973379737658,0.0,0.0,0.0,0.0
20010N2_ddec.cif,36.79133,0.4,5248.17,393.25324767921427,0.015505818589250259,0.009746514541814449,0.0017720935530571723,0.0008860467765285862,0.0,0.0,0.0,0.0,0.0,0.0
20021N2_ddec.cif,18.27022,0.8,3381.76,607.2071258964987,0.020942052348124043,0.01163447352673558,0.002326894705347116,0.004653789410694232,0.0,0.0,0.0,0.0,0.0,0.0
20030N2_ddec.cif,17.62238,0.4,4927.61,760.8135960350647,0.02255898970237528,0.021431040217256517,0.00563974742559382,0.004511797940475057,0.0,0.0,0.0011279494851187642,0.0,0.0,0.0
20031N2_ddec.cif,14.70566,0.4,4778.21,798.0243837995648,0.024575259772744943,0.02122408798555245,0.005585286311987487,0.00446822904958999,0.0,0.0,0.0011170572623974975,0.0,0.0,0.0
20040N2_ddec.cif,17.94054,0.8,4819.11,464.3860316328271,0.019063508251873033,0.012449638042039532,0.0,0.0027233583216961475,0.0,0.0,0.0,0.0,0.0,0.0
20050N2_ddec.cif,27.10282,0.7,4517.17,436.5652928541535,0.01760070312213884,0.010653057152873508,0.0009263527959020441,0.0018527055918040882,0.0,0.0,0.0,0.0,0.0,0.0
20051N2_ddec.cif,26.90278,0.6,4198.68,462.84438660378817,0.01777285122433063,0.010289545445665101,0.000935413222333191,0.001870826444666382,0.0,0.0,0.0,0.0,0.0,0.00023385330558329775
20052N2_ddec.cif,26.99311,0.6,4140.01,465.92018482088184,0.017818415454533457,0.01031592473683516,0.0009378113397122871,0.0018756226794245743,0.0,0.0,0.0,0.0,0.0,0.0002344528349280718
20070N2_ddec.cif,26.75687,0.7,3896.46,381.4009309329348,0.015161341749825438,0.010612939224877806,0.0,0.0015161341749825438,0.0,0.0,0.0,0.0005053780583275146,0.0,0.0
20080N2_ddec.cif,21.4722,0.8,3211.27,598.461359272604,0.020498215881855637,0.010249107940927819,0.004099643176371128,0.0027330954509140848,0.0,0.0,0.0,0.0,0.0,0.0
20090N2_ddec.cif,15.68723,0.9,4461.81,631.705771398122,0.027318475642677944,0.017384484499885965,0.0,0.002483497785697995,0.0,0.0,0.0,0.0,0.0,0.0
20091N2_ddec.cif,15.03616,0.7,4016.57,684.035523474389,0.02831331940280496,0.016358806766065086,0.001258369751235776,0.002516739502471552,0.0,0.0,0.0,0.0,0.0,0.0
20110N3_ddec.cif,28.33414,1.0,6223.86,102.72476743423348,0.004173197863663632,0.0029285599043253558,0.00029285599043253553,0.00029285599043253553,0.0,0.0,0.0,0.0,0.0,0.0
20113N3_ddec.cif,27.08752,1.0,6356.04,111.02416764260826,0.004526322028159995,0.0035616960221586847,0.00029680800184655705,0.00029680800184655705,0.0,0.0,0.0,0.0,0.0,0.0
20116N3_ddec.cif,26.76207,1.0,6321.38,118.01855940964556,0.004826452158704151,0.004158174167498961,0.00029701244053564,0.00029701244053564,0.0,0.0,0.0,0.0,0.0,0.0
20120N2_ddec.cif,8.16711,0.2,4379.98,847.6008460789177,0.03796583696740777,0.023864240379513454,0.0,0.0021694763981375867,0.0,0.0,0.0,0.0,0.0,0.0
20121N3_ddec.cif,9.45899,0.5,2956.45,939.0423709425665,0.04191845532141425,0.030887282868410502,0.0,0.00220623449060075,0.0,0.0,0.0,0.0,0.0,0.0
20130N2_ddec.cif,23.99907,0.8,3554.69,565.5931292928086,0.01667640475609709,0.009727902774389969,0.0,0.001389700396341424,0.0,0.0,0.0,0.0,0.001389700396341424,0.0
20140N2_ddec.cif,9.35808,0.0,3986.67,819.0378723684989,0.03468259015109463,0.023121726767396416,0.0017785943667228013,0.0017785943667228013,0.0,0.0,0.0,0.0,0.0,0.0
20141N2_ddec.cif,9.77874,0.2,4150.35,810.1112168795114,0.034316340818063944,0.02402143857264476,0.0017158170409031972,0.0017158170409031972,0.0,0.0,0.0,0.0,0.0,0.0
20142N2_ddec.cif,9.97004,0.5,4123.35,772.2940516071792,0.0326914110709526,0.02064720699218059,0.0017206005826817157,0.0017206005826817157,0.0,0.0,0.0,0.0,0.0,0.0
20150N2_ddec.cif,20.51606,0.7,4616.83,570.2780559024889,0.022253960260559577,0.01570867783098323,0.0,0.0013090564859152692,0.0,0.0013090564859152692,0.0,0.0,0.0,0.0
20151N2_ddec.cif,18.08436,0.6,3785.87,612.000191892671,0.0240670132735332,0.014157066631490118,0.0,0.0014157066631490117,0.0,0.0014157066631490117,0.0,0.0,0.0,0.0
20152N2_ddec.cif,20.25626,0.7,4458.48,591.4883883308427,0.02164239713964552,0.014879148033506295,0.0,0.00270529964245569,0.0,0.001352649821227845,0.0,0.0,0.0,0.0
20153N2_ddec.cif,17.66792,0.6,3526.76,656.8452468460088,0.024219187750916988,0.013623293109890806,0.0,0.0030273984688646235,0.0,0.0015136992344323117,0.0,0.0,0.0,0.0
20160N2_ddec.cif,25.55166,0.6,4678.38,524.3739666352379,0.020571650085518416,0.016000172288736545,0.0022857388983909353,0.0011428694491954676,0.0,0.0,0.0,0.0,0.0,0.0
20161N2_ddec.cif,23.41955,0.5,4436.48,631.8674928786023,0.02696516610128548,0.017976777400856986,0.0012840555286326419,0.0012840555286326419,0.0,0.0,0.0,0.0,0.0,0.0
20162N2_ddec.cif,23.38856,0.5,4540.04,631.3660255703211,0.027035721687304105,0.016736399139759682,0.0012874153184430526,0.0012874153184430526,0.0,0.0,0.0,0.0,0.0,0.0
20164N2_ddec.cif,23.22818,0.7,4304.51,498.9516814803826,0.018842829406699815,0.014805080248121282,0.001345916386192844,0.002691832772385688,0.0,0.0,0.0,0.0,0.0,0.0
20165N2_ddec.cif,23.25653,0.6,4553.55,438.0412857356398,0.01774795667033703,0.012287046925617945,0.0,0.0027304548723595433,0.0,0.0,0.0,0.0,0.0,0.0
20166N2_ddec.cif,24.05069,0.6,4183.43,507.31135777891706,0.017711676341231417,0.013624366416331858,0.0013624366416331859,0.004087309924899558,0.0,0.0,0.0,0.0,0.0,0.0
20167N2_ddec.cif,23.28895,0.4,4598.25,569.3381864302152,0.025748623891111343,0.015449174334666806,0.0,0.001287431194555567,0.0,0.0,0.0,0.0,0.0,0.0
20168N2_ddec.cif,23.17673,0.5,4420.16,639.1071614847083,0.026811400836582303,0.01773011990806249,0.0012973258469314017,0.0017297677959085356,0.0,0.0,0.0,0.0,0.0,0.0
20169N2_ddec.cif,23.22902,0.5,4645.79,572.7173619797945,0.02543829851864592,0.015090516070383172,0.0,0.001724630408043791,0.0,0.0,0.0,0.0,0.0,0.0
2016aN2_ddec.cif,21.46285,0.6,4124.74,518.3385025813998,0.019080749654669008,0.014892292413400201,0.001396152413756269,0.0032576889654312943,0.0,0.0,0.0,0.0,0.0,0.0
2016bN2_ddec.cif,28.17859,0.6,4673.04,401.3952214497003,0.015819212885898916,0.010823671974562417,0.0,0.0029140655316129585,0.0,0.0,0.0,0.0,0.0,0.0
20170N2_ddec.cif,16.28767,0.3,3851.7,617.7267750601703,0.02236881687154151,0.01361580157398179,0.0,0.001945114510568827,0.0,0.001945114510568827,0.0,0.0,0.0,0.0
20172N2_ddec.cif,10.51587,0.2,4143.03,775.2947160804742,0.02637502363294821,0.01899001701572271,0.0021100018906358565,0.0021100018906358565,0.0,0.0021100018906358565,0.0,0.0,0.0,0.0
20180N2_ddec.cif,18.8685,0.6,4722.27,558.8882883697576,0.02037941255034899,0.011321895861304995,0.0,0.0011321895861304994,0.0,0.0,0.0,0.0,0.0033965687583914985,0.0
20181N2_ddec.cif,18.58453,0.6,4738.15,583.147284309012,0.020016135815128722,0.010596777784479913,0.0,0.0023548395076622027,0.0,0.0,0.0,0.0,0.0035322592614933043,0.0
20182N2_ddec.cif,19.43765,0.6,4893.61,541.9074296175368,0.02120294357528461,0.013251839734552882,0.0013251839734552881,0.0026503679469105763,0.0,0.0,0.0,0.0,0.0,0.0
20190N2_ddec.cif,24.0517,0.7,4392.5,423.1466845582754,0.01656540956451841,0.010541624268329898,0.0,0.0015059463240471283,0.0,0.0007529731620235642,0.0,0.0,0.0,0.0
20191N2_ddec.cif,30.37948,0.8,4090.06,377.25215358767434,0.014045583426241131,0.008643435954609927,0.0,0.001080429494326241,0.0,0.001080429494326241,0.0,0.0,0.0,0.0
20201N2_ddec.cif,16.79344,0.6,3799.73,600.8772275511576,0.026960802759069175,0.014322926465755498,0.0,0.0016850501724418234,0.0,0.0,0.0,0.0,0.0,0.0
20202N2_ddec.cif,28.74787,0.3,4496.85,394.0718032080054,0.017466187367230674,0.009980678495560386,0.0,0.0012475848119450482,0.0,0.0,0.0,0.0,0.0,0.0
20203N2_ddec.cif,32.95889,0.5,4677.67,467.06671866656336,0.02083572069180606,0.012098160401693842,0.0,0.001344240044632649,0.0,0.0,0.0,0.0,0.0,0.0
20210N2_ddec.cif,16.19017,0.6,5362.72,486.19049986458805,0.021012868532384793,0.015759651399288595,0.0,0.0017510723776987325,0.0,0.0,0.0,0.0,0.0,0.0
20211N2_ddec.cif,20.90007,0.5,5628.62,412.5456806900156,0.018380142888079595,0.013274547641390818,0.0,0.0010211190493377553,0.0,0.0,0.0,0.0,0.0,0.0
20220N2_ddec.cif,16.79371,0.7,4342.85,539.2822041741233,0.01753438152714008,0.012274067068998057,0.0,0.005260314458142025,0.0,0.000876719076357004,0.0,0.0,0.0,0.0
20250N2_ddec.cif,32.80324,0.8,4834.52,320.4072652539901,0.012981822594733404,0.008987415642507742,0.0,0.0019972034761128314,0.0,0.0,0.0,0.0,0.0,0.0
20260N3_ddec.cif,11.9102,0.5,2764.3,944.1743495714528,0.04155750085954265,0.04295831549525757,0.0,0.0018677528476198943,0.0,0.0,0.0,0.0,0.0,0.0
20261N3_ddec.cif,16.30386,0.2,2962.65,779.6498401280721,0.034616453167360325,0.03427371600728745,0.0,0.001370948640291498,0.0,0.0,0.0,0.0,0.0,0.0
20280N2_ddec.cif,15.76505,0.2,4932.73,620.764884756382,0.027215592939700422,0.016329355763820254,0.0,0.002177247435176034,0.0,0.0,0.0,0.0,0.0,0.0
20281N2_ddec.cif,22.52009,0.5,4797.45,479.1476725522058,0.02067893278768236,0.012924332992301476,0.0,0.0019386499488452213,0.0,0.0,0.0,0.0,0.0,0.0
20282N2_ddec.cif,21.12963,0.3,4477.38,499.1587459253359,0.021542565577732598,0.013464103486082872,0.0,0.002019615522912431,0.0,0.0,0.0,0.0,0.0,0.0
20290N2_ddec.cif,8.77659,0.3,4841.75,831.2224821886408,0.0353405393815535,0.020942541855735408,0.0,0.003926726597950389,0.0,0.0,0.0,0.0,0.0,0.0
20300N2_ddec.cif,19.91002,0.7,4810.81,501.75201279364046,0.018331265963789027,0.010998759578273417,0.0012220843975859353,0.0036662531927578058,0.0,0.0,0.0,0.0,0.0,0.0
20310N2_ddec.cif,27.23706,0.8,5934.67,316.06800517426535,0.012564245794867387,0.008794972056407172,0.0,0.0012564245794867387,0.0,0.0,0.0,0.00041880819316224624,0.0,0.0
20311N2_ddec.cif,33.26526,0.8,6162.25,280.495508823127,0.011585508388812216,0.008020736576869997,0.0,0.0008911929529855551,0.0,0.0,0.0,0.0002970643176618517,0.0,0.0
20320N2_ddec.cif,32.47108,0.8,4553.48,342.95555376500874,0.014088543928913516,0.00905692109715869,0.0,0.002012649132701931,0.0,0.0,0.0,0.0,0.0,0.0
20321N2_ddec.cif,25.04149,0.6,3670.29,466.9932351246584,0.016887359397926436,0.010746501435044097,0.001535214490720585,0.00307042898144117,0.0,0.0,0.0,0.0,0.0,0.0
20331N2_ddec.cif,17.92327,0.5,4682.63,532.5563546989198,0.02302698661572117,0.015351324410480779,0.0,0.0020468432547307708,0.0,0.0,0.0,0.0,0.0,0.0
20340N2_ddec.cif,14.67184,0.6,3828.41,695.9503723359738,0.030122723674882973,0.01429552987960548,0.0,0.003063327831344031,0.0,0.0,0.0,0.0,0.0,0.0
20341N2_ddec.cif,19.70949,0.7,4129.66,548.7156295035778,0.02388669663659277,0.013029107256323329,0.0,0.0021715178760538883,0.0,0.0,0.0,0.0,0.0,0.0
20350N2_ddec.cif,14.541,0.5,4567.12,643.8433759626383,0.024495524100164194,0.013845296230527588,0.0,0.003195068360890982,0.0,0.0,0.0,0.0,0.0,0.0005325113934818303
20360N2_ddec.cif,27.03934,0.8,4217.74,433.299059227899,0.019204831436581006,0.010974189392332004,0.0,0.0013717736740415005,0.0,0.0,0.0,0.0,0.0,0.0
20361N2_ddec.cif,18.88525,0.5,3800.81,571.0319712259474,0.024858171943835324,0.013559002878455632,0.0,0.0022598338130759388,0.0,0.0,0.0,0.0,0.0,0.0
20362N2_ddec.cif,10.70439,0.5,3943.63,785.6390922311209,0.03470965353145274,0.018689813440013015,0.0,0.0026699733485732883,0.0,0.0,0.0,0.0,0.0,0.0
20370N3_ddec.cif,12.55381,0.6,5764.63,318.39938792260534,0.013486310267645752,0.010789048214116602,0.0,0.0013486310267645752,0.0,0.0,0.0,0.0,0.0,0.0
20380N2_ddec.cif,18.56784,0.5,3170.31,654.6320901346803,0.01691175212920774,0.00724789376966046,0.00241596458988682,0.00483192917977364,0.0,0.00241596458988682,0.0,0.0,0.0,0.0
20390N2_ddec.cif,23.80713,0.5,3790.02,515.0819881473772,0.018782510080938914,0.009860817792492932,0.0,0.0018782510080938915,0.0,0.0004695627520234729,0.0,0.0,0.0009391255040469457,0.0
20391N2_ddec.cif,25.44012,0.6,3821.08,494.7176323866206,0.0189857481593175,0.009967517783641687,0.0,0.0018985748159317498,0.0,0.00047464370398293744,0.0,0.0,0.0009492874079658749,0.0
20392N2_ddec.cif,26.7842,0.5,4082.66,466.57163905936864,0.01899441502415328,0.010921788638888137,0.0,0.001899441502415328,0.0,0.000474860375603832,0.0,0.0,0.0,0.0
20400N2_ddec.cif,5.01536,0.3,4707.08,970.5196981820676,0.03791062499603398,0.02274637499762039,0.0,0.007582124999206796,0.0,0.0,0.0,0.0,0.0,0.0
20401N2_ddec.cif,16.27449,0.6,5833.49,410.6122130348682,0.017854045458374716,0.01190269697224981,0.0,0.0014878371215312262,0.0,0.0,0.0,0.0,0.0,0.0
20402N2_ddec.cif,11.71927,0.5,5047.46,589.1370620057307,0.02350483383537613,0.018080641411827792,0.001808064141182779,0.001808064141182779,0.0,0.0,0.0,0.0,0.0,0.0
20403N2_ddec.cif,9.59781,0.6,5460.43,617.9138304859962,0.02731502288916464,0.016584121039849957,0.0,0.0019510730635117599,0.0,0.0,0.0,0.0,0.0,0.0
20410N2_ddec.cif,26.68701,0.4,4863.44,501.9446955612689,0.01945114043105213,0.012967426954034753,0.0018524895648621077,0.0018524895648621077,0.0,0.0,0.0,0.0,0.0,0.0
20411N2_ddec.cif,9.46666,0.5,5058.48,685.6334074103404,0.026796343666120218,0.020971051564789737,0.002330116840532193,0.002330116840532193,0.0,0.0,0.0,0.0,0.0,0.0
20420N2_ddec.cif,10.37381,0.4,3314.94,971.6998173890471,0.036542497144487235,0.009135624286121809,0.004567812143060904,0.004567812143060904,0.0,0.0,0.0,0.0,0.0,0.0
20421N2_ddec.cif,10.3434,0.4,3259.1,970.8164690155957,0.03650927726028352,0.00912731931507088,0.00456365965753544,0.00456365965753544,0.0,0.0,0.0,0.0,0.0,0.0
20430N3_ddec.cif,47.6541,1.0,5950.55,108.75024889609897,0.004929266585570561,0.002868671537504179,0.0,0.00024242294683133906,0.0,0.0,0.0,0.0,0.0,0.0
20440N3_ddec.cif,13.83981,0.5,5380.99,494.9244333318653,0.01348766539663613,0.015617296775052362,0.0028395085045549748,0.0035493856306937186,0.0,0.0,0.0,0.0,0.0007098771261387437,0.0
20441N3_ddec.cif,12.77312,0.7,5684.05,444.5322536756108,0.01255098104419811,0.015539309864245279,0.002390663056037735,0.0029883288200471692,0.0,0.0,0.0,0.0,0.0005976657640094338,0.0
20442N3_ddec.cif,9.27683,0.6,5711.9,609.9898380011549,0.01775101767688425,0.02315350131767511,0.003087133509023348,0.0038589168862791846,0.0,0.0,0.0,0.0,0.000771783377255837,0.0
20443N3_ddec.cif,10.3157,0.9,6169.35,569.7077570166248,0.01553045896262512,0.019228187287059675,0.003697728324434553,0.003697728324434553,0.0,0.0,0.0,0.0,0.0007395456648869106,0.0
20450N2_ddec.cif,14.68024,1.0,5347.02,544.1577152062088,0.02480982196585742,0.0162218066699837,0.0,0.000954223921763747,0.0,0.0,0.0,0.0,0.0,0.0
20460N2_ddec.cif,10.76848,0.3,3919.79,1053.2585399296422,0.02086468609228973,0.012839806826024447,0.003209951706506112,0.003209951706506112,0.0,0.0,0.0,0.0,0.014444782679277504,0.0
20470N2_ddec.cif,24.2473,0.5,4726.24,549.8404880858408,0.021179359105214145,0.012102490917265226,0.004034163639088408,0.0,0.0,0.0,0.0,0.0,0.0,0.0
20471N2_ddec.cif,28.18522,0.9,4327.69,430.9374497259548,0.017000503285396935,0.009916960249814878,0.0028334172142328224,0.0,0.0,0.0,0.0,0.0,0.0,0.0
20472N2_ddec.cif,34.2825,0.8,4330.06,367.16924851137674,0.014992117912896072,0.008995270747737642,0.0019989490550528094,0.0,0.0,0.0,0.0,0.0,0.0,0.0
20473N2_ddec.cif,56.39856,0.8,4670.0,240.70769629241968,0.010475725572892815,0.007108528067320124,0.0007482661123494867,0.0,0.0,0.0,0.0,0.0,0.0,0.0
20490N2_ddec.cif,21.8136,0.8,5453.59,565.7458303339705,0.023980274109426502,0.018270685035753523,0.0011419178147345952,0.0011419178147345952,0.0,0.0,0.0,0.0,0.0,0.0
20491N2_ddec.cif,18.83115,0.7,4883.86,633.7506368093937,0.026862794514528686,0.020466891058688524,0.0012791806911680327,0.0012791806911680327,0.0,0.0,0.0,0.0,0.0,0.0
20500N3_ddec.cif,11.45395,0.8,4988.54,515.4670048891089,0.01755540586292338,0.009753003257179656,0.0039012013028718625,0.0019506006514359313,0.0,0.0,0.0,0.0,0.0,0.0
20501N3_ddec.cif,8.64908,0.8,4293.05,805.1403504325225,0.027420893082186752,0.01523382949010375,0.0060935317960415,0.00304676589802075,0.0,0.0,0.0,0.0,0.0,0.0
20510N2_ddec.cif,28.45277,0.5,5306.5,431.6522520980547,0.019049979298939607,0.011288876621593842,0.0,0.0014111095776992303,0.0,0.0,0.0,0.0,0.0,0.0
20520N3_ddec.cif,14.16961,0.7,4512.27,659.9400170035779,0.029331909793571802,0.017599145876143082,0.0,0.0019554606529047867,0.0,0.0,0.0,0.0,0.0,0.0
20521N3_ddec.cif,14.59462,0.5,4544.61,648.3912087897751,0.029129114862370967,0.017801125749226702,0.0,0.0016182841590206094,0.0,0.0,0.0,0.0,0.0,0.0
20530N2_ddec.cif,18.86672,0.8,4636.8,568.3825721840016,0.02004542454713575,0.009111556612334431,0.0036446226449337723,0.0024297484299558485,0.0,0.0,0.0,0.0,0.0,0.0
20531N2_ddec.cif,23.48624,0.7,4724.41,505.42415564084,0.01900578226211566,0.008771899505591844,0.002923966501863948,0.001461983250931974,0.0,0.0,0.0,0.0,0.0,0.0
20540N2_ddec.cif,10.14683,0.5,4123.75,890.4223949332925,0.02984683277636939,0.020892782943458574,0.002984683277636939,0.0044770249164554085,0.0,0.0,0.0,0.0014923416388184696,0.0,0.0
20541N2_ddec.cif,7.94221,0.5,4443.76,921.216387599486,0.0274229301816056,0.01958780727257543,0.003917561454515086,0.005876342181772629,0.0,0.0,0.0,0.001958780727257543,0.0,0.0
20542N2_ddec.cif,10.09049,0.6,4432.74,769.1432728606056,0.027658547122371025,0.019148224930872246,0.002127580547874694,0.0031913708218120414,0.0,0.0,0.0,0.001063790273937347,0.0,0.0
20543N2_ddec.cif,10.32133,0.8,4661.15,801.6132905547928,0.029164539196536318,0.02291499508299282,0.0020831813711811656,0.0031247720567717484,0.0,0.0,0.0,0.0010415906855905828,0.0,0.0
20544N2_ddec.cif,14.12056,0.6,4261.77,796.5334650508979,0.028816860230445933,0.021345822392922913,0.0021345822392922916,0.003201873358938437,0.0,0.0,0.0,0.0010672911196461458,0.0,0.0
20550N2_ddec.cif,8.00532,0.5,2865.31,1211.7783666190057,0.038470876857949456,0.016198263940189243,0.004049565985047311,0.004049565985047311,0.0,0.004049565985047311,0.0,0.0,0.0,0.0
20551N2_ddec.cif,7.33268,0.3,3114.86,1167.343007361254,0.040423013207268536,0.021275270109088702,0.0,0.004255054021817741,0.0,0.004255054021817741,0.0,0.0,0.0,0.0
20560N3_ddec.cif,5.48955,0.4,3734.29,1042.8459878289125,0.022715963465155895,0.015143975643437264,0.011357981732577948,0.0,0.0,0.0,0.003785993910859316,0.003785993910859316,0.0,0.0
20561N3_ddec.cif,5.92219,0.4,3231.3,1257.6614757155885,0.02251209989950171,0.007504033299833904,0.011256049949750855,0.0,0.0,0.0,0.003752016649916952,0.003752016649916952,0.007504033299833904,0.0
20562N3_ddec.cif,6.2015,0.5,3795.55,1140.3715708555953,0.02672088988663793,0.022903619902832514,0.011451809951416257,0.0,0.0,0.0,0.003817269983805419,0.003817269983805419,0.0,0.0
20563N3_ddec.cif,8.45071,0.5,4120.89,782.2322095047994,0.021815157927682065,0.013089094756609238,0.006544547378304619,0.0,0.0,0.0,0.0021815157927682063,0.0021815157927682063,0.0,0.0
20564N3_ddec.cif,9.2454,0.9,4593.48,568.541435253719,0.016979465766759374,0.011319643844506249,0.0042448664416898435,0.0,0.0,0.0,0.001414955480563281,0.001414955480563281,0.0,0.0
20565N3_ddec.cif,2.20808,0.0,2183.57,1757.053383535788,0.03490649227444167,0.023270994849627778,0.023270994849627778,0.0,0.0,0.0,0.005817748712406944,0.005817748712406944,0.0,0.0
20570N3_ddec.cif,3.52587,0.4,3893.45,1157.4758573469808,0.04955710863438209,0.03384387906738289,0.0,0.004834839866768985,0.0,0.0,0.0,0.0,0.0,0.0
20571N3_ddec.cif,5.87561,0.5,4763.79,937.5190619603833,0.038123166817449164,0.025894981234493773,0.0,0.005754440274331949,0.0,0.0,0.0,0.0,0.0,0.0
20580N3_ddec.cif,16.10591,0.6,4393.03,540.2464755809976,0.021463534661834382,0.017600098422704193,0.0008585413864733752,0.002575624159420126,0.0,0.0,0.0,0.0,0.0,0.0
20581N2_ddec.cif,15.98492,0.6,4010.96,570.1529614771952,0.02183524825146468,0.017468198601171745,0.0008734099300585872,0.0026202297901757616,0.0,0.0,0.0,0.0,0.0,0.0002183524825146468
20590N2_ddec.cif,26.3841,0.6,4308.41,504.6981639323694,0.01897412585850039,0.01116125050500023,0.0,0.0033483751515000692,0.0,0.0005580625252500115,0.0,0.0,0.0,0.0
20600N2_ddec.cif,24.12468,0.6,2987.97,589.1251087939027,0.021667332225616384,0.010000307181053715,0.003333435727017905,0.0022222904846786033,0.0,0.0,0.0,0.0,0.0,0.0
20610N2_ddec.cif,27.59657,0.8,4479.42,396.66213389139796,0.015716748234900754,0.010001567058573208,0.0,0.0028575905881637735,0.0,0.0,0.0,0.0,0.0,0.0
20611N2_ddec.cif,26.25273,0.7,4463.3,405.02687097367345,0.014739289498482746,0.010496160703464985,0.0,0.00401980622685893,0.0,0.0,0.0,0.0,0.0,0.0
20620N2_ddec.cif,12.94086,0.6,3790.94,727.4868999928776,0.028164065323880553,0.019498199070378842,0.002166466563375427,0.0032496998450631405,0.0,0.0,0.0,0.0,0.0,0.0
20621N2_ddec.cif,4.5902,0.3,3918.96,1177.918167930399,0.04684997978507998,0.02693873837642099,0.0023424989892539987,0.0058562474731349975,0.0,0.0,0.0,0.0,0.0,0.0
20630N2_ddec.cif,26.28015,0.6,4755.7,500.21950478944217,0.02071962588769812,0.01441365279144217,0.0,0.002702559898395407,0.0,0.0,0.0,0.0,0.0,0.0
20631N2_ddec.cif,32.08143,0.6,4213.34,486.72615784206874,0.01772203944010529,0.010501949297840173,0.0,0.0019691154933450324,0.0,0.0013127436622300216,0.0,0.0,0.0,0.0
20640N2_ddec.cif,20.10637,0.6,4877.07,543.6874893676695,0.024085279721669562,0.015521624709520385,0.0,0.0016056853147779708,0.0,0.0,0.0,0.0,0.0,0.0
20650N2_ddec.cif,8.01999,0.4,3995.49,812.5996282670595,0.03203196597921121,0.019497718422128562,0.0,0.004178082519027549,0.0,0.0,0.0,0.0,0.001392694173009183,0.0
20651N3_ddec.cif,11.03913,0.4,4108.45,748.7493102523525,0.028373698165920842,0.018915798777280564,0.0011822374235800352,0.0035467122707401053,0.0,0.0,0.0,0.0,0.0011822374235800352,0.0
20652N2_ddec.cif,8.10745,0.5,3891.83,888.963411883828,0.03191368840158463,0.018038171705243487,0.0,0.004162655008902344,0.0,0.0,0.0,0.0,0.0027751033392682286,0.0
20653N2_ddec.cif,6.95697,0.3,3890.05,1003.9843580591621,0.03265986438005986,0.020412415237537413,0.0,0.004082483047507483,0.0,0.0,0.0,0.0,0.0027216553650049884,0.0
20670N3_ddec.cif,15.50764,0.6,5954.75,450.9461097861191,0.02057569390012139,0.01194717710329629,0.0,0.0008849760817256511,0.0,0.0,0.0,0.0,0.0,0.0
20671N2_ddec.cif,15.46332,0.4,4338.81,650.4168838513725,0.029829604144684916,0.01720938700654899,0.0,0.0011472924671032658,0.0,0.0,0.0,0.0,0.0,0.0
20672N2_ddec.cif,15.82503,0.4,4625.56,623.7615979066928,0.02797521689220088,0.01645600993658875,0.0,0.0016456009936588751,0.0,0.0,0.0,0.0,0.0,0.0
21000N2_ddec.cif,27.89059,0.7,4175.49,517.9297404235421,0.013942264641431699,0.007604871622599108,0.0,0.002534957207533036,0.0,0.0,0.0,0.0,0.001267478603766518,0.0
21010N2_ddec.cif,27.58096,0.8,4208.25,415.6108137347689,0.016712928325216227,0.009359239862121088,0.0013370342660172982,0.0013370342660172982,0.0,0.0,0.0,0.0,0.0,0.0
21011N2_ddec.cif,25.9731,0.9,5006.56,407.06721473676504,0.016324637293527976,0.011301671972442444,0.0012557413302713826,0.0012557413302713826,0.0,0.0,0.0,0.0,0.0,0.0
21012N2_ddec.cif,27.834,0.7,4560.69,416.4959535820409,0.015353596089461831,0.009826301497255571,0.0024565753743138927,0.0012282876871569464,0.0,0.0,0.0,0.0,0.0,0.0
21013N2_ddec.cif,26.41373,0.8,4998.84,396.9305166789292,0.014712343141950369,0.010185468329042564,0.0022634374064539027,0.0011317187032269514,0.0,0.0,0.0,0.0,0.0,0.0
21014N2_ddec.cif,26.10189,0.9,5232.29,399.5786970827816,0.015942013301813822,0.012263087155241402,0.0012263087155241401,0.0012263087155241401,0.0,0.0,0.0,0.0,0.0,0.0
21020N2_ddec.cif,8.84993,0.9,5839.12,487.9297646158921,0.021462046920685925,0.017520038302600755,0.0,0.0013140028726950567,0.0,0.0,0.0,0.0,0.0,0.0
21021N2_ddec.cif,6.81787,0.5,5811.15,647.1816012677979,0.0278515450410518,0.025762679162972913,0.0,0.002088865878078885,0.0,0.0,0.0,0.0,0.0,0.0
21030N2_ddec.cif,19.66873,0.5,5005.86,613.1168135517179,0.027317652302350216,0.017073532688968884,0.0,0.0017073532688968885,0.0,0.0,0.0,0.0,0.0,0.0
21031N2_ddec.cif,9.80223,0.5,4805.19,727.0006547491673,0.032391790065211486,0.020244868790757178,0.0,0.002024486879075718,0.0,0.0,0.0,0.0,0.0,0.0
21032N2_ddec.cif,20.33709,0.5,5180.18,565.4575615265875,0.025194176241939138,0.01574636015121196,0.0,0.001574636015121196,0.0,0.0,0.0,0.0,0.0,0.0
21033N2_ddec.cif,9.24352,0.6,4993.76,675.2556645128683,0.03008627238828599,0.018803920242678743,0.0,0.0018803920242678744,0.0,0.0,0.0,0.0,0.0,0.0
21034N2_ddec.cif,9.91827,0.5,5071.96,682.4746954259568,0.030407919050202292,0.019004949406376433,0.0,0.0019004949406376433,0.0,0.0,0.0,0.0,0.0,0.0
21035N2_ddec.cif,9.74473,0.6,5076.22,683.5543298695696,0.030456022572552963,0.019035014107845603,0.0,0.0019035014107845602,0.0,0.0,0.0,0.0,0.0,0.0
21040N3_ddec.cif,4.93646,0.4,4020.65,1100.3435267505242,0.040430310569148094,0.02343786119950614,0.002343786119950614,0.002343786119950614,0.0,0.0,0.0,0.0,0.002343786119950614,0.0
21041N3_ddec.cif,11.33524,0.5,3954.94,895.1787203238623,0.03403224082144493,0.020167253820115517,0.0016806044850096265,0.0016806044850096265,0.0,0.0,0.0,0.0,0.0016806044850096265,0.0
21050N2_ddec.cif,18.49598,0.6,5554.21,392.14033710416294,0.016553242793332937,0.011035495195555292,0.0010345776745833085,0.0006897184497222057,0.0,0.0,0.0,0.0,0.0,0.0
21051N2_ddec.cif,13.92801,0.5,4954.16,549.2722877080992,0.023475720877322324,0.01565048058488155,0.0013042067154067957,0.0008694711436045305,0.0,0.0,0.0,0.0,0.0,0.0
21052N2_ddec.cif,17.80496,0.7,5668.76,406.09250292864976,0.017041862262599548,0.012781396696949662,0.0010651163914124717,0.0007100775942749812,0.0,0.0,0.0,0.0,0.0,0.0
21053N2_ddec.cif,20.0968,0.8,5587.1,379.94171581874457,0.01615299449300118,0.011965181105926799,0.0008973885829445099,0.0005982590552963398,0.0,0.0,0.0,0.0,0.0,0.0
21060N2_ddec.cif,24.80113,0.7,3924.8,614.5793612710554,0.023268526119121093,0.015512350746080728,0.0012926958955067273,0.003878087686520182,0.0,0.0,0.0,0.0,0.0,0.0
21070N2_ddec.cif,12.57222,0.6,2687.06,915.2240966224826,0.02753840465424351,0.009179468218081169,0.009179468218081169,0.0045897341090405845,0.0,0.0,0.0,0.0,0.0,0.0
21071N2_ddec.cif,11.98603,0.4,2771.47,891.8595752090805,0.028082561368064456,0.00936085378935482,0.007800711491129016,0.00468042689467741,0.0,0.0,0.0,0.0,0.0,0.0
21072N2_ddec.cif,12.25037,0.4,3062.8,836.9348963638157,0.027637571719426615,0.009212523906475537,0.006141682604317025,0.004606261953237769,0.0,0.0,0.0,0.0,0.0,0.0
21073N2_ddec.cif,12.54442,0.4,3171.09,798.2798080521367,0.027711769973875273,0.009237256657958425,0.004618628328979212,0.004618628328979212,0.0,0.0,0.0,0.0,0.0,0.0
21080N2_ddec.cif,29.84478,0.7,3758.15,458.85951986952745,0.017254782990103676,0.007963745995432465,0.0026545819984774887,0.0013272909992387443,0.0,0.0,0.0,0.0,0.0,0.0
21081N2_ddec.cif,23.32085,0.7,3648.56,572.5977675604618,0.020194083892100406,0.00917912904186382,0.0036716516167455285,0.002447767744497019,0.0,0.0,0.0,0.0,0.0,0.0
21082N2_ddec.cif,29.04188,0.8,3576.94,489.04573930047167,0.01894187412569593,0.008839541258658101,0.0025255832167594573,0.0012627916083797286,0.0,0.0,0.0,0.0,0.0,0.0
21090N3_ddec.cif,2.8857,0.2,3401.5,1285.514063159374,0.05283681508025778,0.03857926180463267,0.0033547184177941452,0.0033547184177941452,0.0,0.0,0.0,0.0,0.0,0.0
21091N3_ddec.cif,4.70093,0.5,4148.3,1062.7293200986744,0.043679983109963294,0.03189332100092558,0.0027733322609500505,0.0027733322609500505,0.0,0.0,0.0,0.0,0.0,0.0
21100N2_ddec.cif,27.9289,0.6,4615.83,398.4658345668016,0.016052523105332155,0.008026261552666078,0.0,0.001459320282302923,0.0,0.00036483007057573077,0.0,0.0,0.00036483007057573077,0.0
21101N2_ddec.cif,26.93593,0.6,4222.21,432.60832631392043,0.016963980627166746,0.008096445299329583,0.0,0.0015421800570151586,0.0,0.00038554501425378966,0.0,0.0,0.0007710900285075793,0.0
21110N3_ddec.cif,22.82204,0.9,5395.5,344.3613932687193,0.014575696755702073,0.008689357681283929,0.0,0.00168181116411947,0.0,0.0,0.0,0.0,0.0,0.0
21111N3_ddec.cif,10.0594,0.4,5865.94,557.2879819446566,0.024934309748470985,0.02234373211226621,0.0,0.0009714666135767916,0.0,0.0,0.0,0.0,0.0,0.0
21120N2_ddec.cif,32.29337,0.8,3886.22,386.5272465928373,0.013531164887475123,0.010023085101833425,0.002004617020366685,0.002004617020366685,0.0,0.0,0.0,0.0,0.0,0.0
21130N2_ddec.cif,17.9725,0.5,3804.16,585.21263596265,0.022370400819938872,0.015306063718905544,0.001177389516838888,0.003532168550516664,0.0,0.0,0.0,0.0,0.0,0.0
21131N2_ddec.cif,19.53661,0.6,4168.34,623.1844598553347,0.02158881295022844,0.018504696814481518,0.00308411613574692,0.0034267957063854665,0.0,0.0,0.0,0.0,0.0,0.0
21140N2_ddec.cif,10.66349,1.0,3523.83,801.2479009777625,0.032402606496941794,0.02025162906058862,0.001012581453029431,0.004050325812117724,0.0,0.0,0.0,0.0,0.0,0.0
21150N2_ddec.cif,8.85682,0.4,4818.32,987.8858428073708,0.023488469455994136,0.03252249616983804,0.010840832056612678,0.003613610685537559,0.0,0.0,0.0,0.0018068053427687796,0.0,0.0
21170N2_ddec.cif,28.2318,0.8,4597.82,415.88917690589653,0.016885637267386615,0.012507879457323418,0.0,0.0025015758914646836,0.0,0.0,0.0,0.0,0.0,0.0
21180N2_ddec.cif,20.76397,0.6,3258.32,582.2049801127828,0.01811196306365875,0.012074642042439167,0.0,0.004024880680813056,0.0,0.002012440340406528,0.0,0.0,0.0,0.0
21181N2_ddec.cif,22.76316,0.7,4449.67,433.9795386668051,0.016546015073161564,0.011030676715441043,0.0,0.003676892238480347,0.0,0.0,0.0,0.0,0.0,0.0
21190N2_ddec.cif,37.49493,0.8,4021.65,317.2643248148646,0.011412671888413932,0.0074772677889608525,0.001180621229835924,0.00196770204972654,0.0,0.0,0.0,0.0,0.0,0.0
21191N2_ddec.cif,41.84933,0.8,3946.83,327.8507549672893,0.011092014156064504,0.007233922275694242,0.0014467844551388485,0.002411307425231414,0.0,0.0,0.0,0.0,0.0,0.0
21200N2_ddec.cif,21.39515,0.5,3939.57,520.4291393242469,0.02015542263666634,0.012093253581999804,0.0013436948424444227,0.0026873896848888454,0.0,0.0,0.0,0.0,0.0,0.0
21201N2_ddec.cif,14.92513,0.8,4976.84,579.2202544139632,0.022383947576606257,0.01417650013185063,0.0014922631717737504,0.0029845263435475007,0.0,0.0,0.0,0.0,0.0,0.0
21220N2_ddec.cif,27.6721,0.7,4259.94,495.5141839772465,0.020012842819816665,0.011586382685157017,0.0010533075168324562,0.0021066150336649125,0.0,0.0,0.0,0.0,0.0,0.0
21230N2_ddec.cif,10.06892,0.7,6307.33,474.18134220268604,0.016614613397870393,0.01869144007260419,0.002076826674733799,0.002422964453856099,0.0,0.0,0.0,0.0,0.0,0.0
21250N2_ddec.cif,12.21678,0.6,4040.39,739.0179913010754,0.024032945100484208,0.016823061570338946,0.002403294510048421,0.007209883530145262,0.0,0.0,0.0,0.0,0.0,0.0
21251N2_ddec.cif,15.6606,0.5,4416.05,523.4319172182373,0.01657454944812446,0.01183896389151747,0.0023677927783034938,0.0047355855566069876,0.0,0.0,0.0,0.0,0.0,0.0
21260N2_ddec.cif,20.81425,0.6,3628.02,581.9799907449201,0.02157559153251565,0.011327185554570718,0.0,0.003236338729877348,0.0,0.0010787795766257827,0.0,0.0,0.0,0.0
21270N3_ddec.cif,4.50341,0.4,4381.85,1052.215462435787,0.04478872830232285,0.030838140798320646,0.0014684828951581261,0.0029369657903162523,0.0,0.0,0.0,0.0,0.0,0.0
21271N3_ddec.cif,8.19356,0.6,4970.28,724.3437538729803,0.032425123426515996,0.021007826445348394,0.0,0.0018267675169868168,0.0,0.0,0.0,0.0,0.0,0.0
21280N3_ddec.cif,33.86917,0.9,3512.34,334.81386080072144,0.011920249616754757,0.008558127929977776,0.0013754134173178567,0.0019867082694591262,0.0,0.0,0.0,0.0,0.0,0.0
21290N2_ddec.cif,24.4929,0.6,4424.18,432.8587747721083,0.01706322249076279,0.010725454137050897,0.0,0.0009750412851864453,0.0,0.0009750412851864453,0.0,0.0,0.0,0.0
21291N3_ddec.cif,23.30635,0.6,5319.46,377.3872289007597,0.014084814968718296,0.00874229894610101,0.0,0.001295155399422372,0.0,0.000971366549566779,0.0,0.0,0.0,0.0
21310N2_ddec.cif,22.34369,0.4,4252.1,436.6504593748918,0.019763906183274352,0.010922158680230562,0.0,0.001040205588593387,0.0,0.0,0.0,0.0,0.0,0.0
21311N3_ddec.cif,25.83796,0.5,3967.32,418.2585991726525,0.018931443988929396,0.01046211378335572,0.0,0.000996391788891021,0.0,0.0,0.0,0.0,0.0,0.0
21312N2_ddec.cif,44.22159,0.9,5030.4,242.28298050739696,0.010866201048172257,0.006391882969513092,0.0,0.0006391882969513092,0.0,0.0,0.0,0.0,0.0,0.0
21313N3_ddec.cif,44.82728,0.9,4807.29,250.06015752264756,0.011215001318244704,0.006597059598967473,0.0,0.0006597059598967473,0.0,0.0,0.0,0.0,0.0,0.0
21314N2_ddec.cif,29.82144,0.8,4961.92,370.3070981473784,0.01593918910654401,0.009165033736262804,0.0,0.0015939189106544008,0.0,0.0,0.0,0.0,0.0,0.0
21315N3_ddec.cif,28.19065,0.8,4393.93,398.7191618965672,0.01716213422229026,0.0098682271778169,0.0,0.001716213422229026,0.0,0.0,0.0,0.0,0.0,0.0
21320N2_ddec.cif,18.45842,0.6,3908.28,553.4274756485754,0.023638739909188043,0.012476001618738134,0.0,0.002626526656576449,0.0,0.0,0.0,0.0,0.0,0.0
